player_id,player,team,minutes,goals,assists,shots,np_xg,key_passes,progressive_passes,progressive_carries,tackles,interceptions,pressures,aerials_won,aerials_total,dribbles_completed,through_balls,crosses,per90,goals_p90,assists_p90,shots_p90,np_xg_p90,key_passes_p90,progressive_passes_p90,progressive_carries_p90,tackles_p90,interceptions_p90,pressures_p90,aerials_won_p90,dribbles_completed_p90,through_balls_p90,crosses_p90,aerial_win_pct,source,depth,season,competition
3339,Asmir Begović,Chelsea,1382,0,0,0,0.0,0,342,11,0,0,6,0,0,0,0,0,0.06512301013024602,0.0,0.0,0.0,0.0,0.0,22.27,0.72,0.0,0.0,0.39,0.0,0.0,0.0,0.0,,statsbomb,event-level,2015/2016,Premier League
3381,Nemanja Matić,Chelsea,2446,2,2,34,2.3584048279999994,14,349,150,88,47,486,50,50,27,9,15,0.03679476696647588,0.07,0.07,1.25,0.09,0.52,12.84,5.52,3.24,1.73,17.88,1.84,0.99,0.33,0.55,100.0,statsbomb,event-level,2015/2016,Premier League
3385,Alexis Alejandro Sánchez Sánchez,Arsenal,2467,13,4,111,11.263074479399997,53,417,170,39,14,400,27,27,103,27,55,0.03648155654641265,0.47,0.15,4.05,0.41,1.93,15.21,6.2,1.42,0.51,14.59,0.99,3.76,0.99,2.01,100.0,statsbomb,event-level,2015/2016,Premier League
3394,Laurent Koscielny,Arsenal,2892,4,0,20,3.2021660299999994,9,543,180,53,61,269,134,134,5,5,2,0.03112033195020747,0.12,0.0,0.62,0.1,0.28,16.9,5.6,1.65,1.9,8.37,4.17,0.16,0.16,0.06,100.0,statsbomb,event-level,2015/2016,Premier League
3437,Francis Joseph Coquelin,Arsenal,1663,0,0,9,0.23580311050000002,6,236,19,78,52,365,26,26,30,7,4,0.054119061936259774,0.0,0.0,0.49,0.01,0.32,12.77,1.03,4.22,2.81,19.75,1.41,1.62,0.38,0.22,100.0,statsbomb,event-level,2015/2016,Premier League
3456,Kurt Happy Zouma,Chelsea,1942,1,0,16,1.5417155560000002,0,221,31,28,24,153,89,89,4,0,4,0.046343975283213185,0.05,0.0,0.74,0.07,0.0,10.24,1.44,1.3,1.11,7.09,4.12,0.19,0.0,0.19,100.0,statsbomb,event-level,2015/2016,Premier League
3461,Petr Čech,Arsenal,3014,0,0,0,0.0,2,896,40,0,0,3,0,0,2,1,0,0.029860650298606503,0.0,0.0,0.0,0.0,0.06,26.76,1.19,0.0,0.0,0.09,0.0,0.06,0.03,0.0,,statsbomb,event-level,2015/2016,Premier League
3478,Francesc Fàbregas i Soler,Chelsea,2990,5,7,48,4.0294038148,62,1043,165,118,33,776,31,31,24,51,45,0.030100334448160536,0.15,0.21,1.44,0.12,1.87,31.39,4.97,3.55,0.99,23.36,0.93,0.72,1.54,1.35,100.0,statsbomb,event-level,2015/2016,Premier League
3496,Mesut Özil,Arsenal,3096,6,19,49,5.966240685399999,123,689,157,34,19,467,10,10,54,32,89,0.029069767441860465,0.17,0.55,1.42,0.17,3.58,20.03,4.56,0.99,0.55,13.58,0.29,1.57,0.93,2.59,100.0,statsbomb,event-level,2015/2016,Premier League
3498,Ignacio Monreal Eraso,Arsenal,3298,0,3,13,1.2020762510000003,25,763,82,83,66,428,80,80,12,5,83,0.0272892662219527,0.0,0.08,0.35,0.03,0.68,20.82,2.24,2.27,1.8,11.68,2.18,0.33,0.14,2.27,100.0,statsbomb,event-level,2015/2016,Premier League
3511,Héctor Bellerín Moruno,Arsenal,3292,1,5,13,0.614905337,19,587,196,62,40,366,39,39,67,8,81,0.027339003645200487,0.03,0.14,0.36,0.02,0.52,16.05,5.36,1.7,1.09,10.01,1.07,1.83,0.22,2.21,100.0,statsbomb,event-level,2015/2016,Premier League
3517,Aaron Ramsey,Arsenal,2681,5,4,67,7.3723388698,34,507,154,88,32,696,29,29,41,12,35,0.03356956359567326,0.17,0.13,2.25,0.25,1.14,17.02,5.17,2.95,1.07,23.36,0.97,1.38,0.4,1.17,100.0,statsbomb,event-level,2015/2016,Premier League
3525,Alex Oxlade-Chamberlain,Arsenal,944,1,0,23,1.4757364622999998,17,140,103,24,11,188,14,14,36,3,31,0.09533898305084745,0.1,0.0,2.19,0.14,1.62,13.35,9.82,2.29,1.05,17.92,1.33,3.43,0.29,2.96,100.0,statsbomb,event-level,2015/2016,Premier League
3604,Olivier Giroud,Arsenal,2485,16,6,103,13.017702892999997,26,94,23,41,4,426,157,157,14,7,18,0.03621730382293763,0.58,0.22,3.73,0.47,0.94,3.4,0.83,1.48,0.14,15.43,5.69,0.51,0.25,0.65,100.0,statsbomb,event-level,2015/2016,Premier League
3621,Eden Hazard,Chelsea,2247,4,3,36,2.394681989,62,323,263,21,13,231,16,16,75,12,51,0.04005340453938585,0.16,0.12,1.44,0.1,2.48,12.94,10.53,0.84,0.52,9.25,0.64,3.0,0.48,2.04,100.0,statsbomb,event-level,2015/2016,Premier League
3645,Gary Cahill,Chelsea,1998,2,0,14,1.0839289879999998,2,206,47,31,17,192,92,92,4,1,0,0.04504504504504504,0.09,0.0,0.63,0.05,0.09,9.28,2.12,1.4,0.77,8.65,4.14,0.18,0.05,0.0,100.0,statsbomb,event-level,2015/2016,Premier League
3668,Theo Walcott,Arsenal,1392,5,2,46,6.700536241,13,92,64,12,9,152,8,8,26,1,20,0.06465517241379311,0.32,0.13,2.97,0.43,0.84,5.95,4.14,0.78,0.58,9.83,0.52,1.68,0.06,1.29,100.0,statsbomb,event-level,2015/2016,Premier League
3713,Calum Chambers,Arsenal,345,0,0,2,0.18610070499999998,2,46,14,9,6,66,13,13,8,1,1,0.2608695652173913,0.0,0.0,0.52,0.05,0.52,12.0,3.65,2.35,1.57,17.22,3.39,2.09,0.26,0.26,100.0,statsbomb,event-level,2015/2016,Premier League
3957,César Azpilicueta Tanco,Chelsea,3289,2,4,11,1.5438206625000004,17,941,91,131,56,631,72,72,8,4,51,0.027363940407418668,0.05,0.11,0.3,0.04,0.47,25.75,2.49,3.58,1.53,17.27,1.97,0.22,0.11,1.4,100.0,statsbomb,event-level,2015/2016,Premier League
3958,Pedro Eliezer Rodríguez Ledesma,Chelsea,2051,7,2,59,5.978802855999999,39,210,154,41,14,382,5,5,59,3,47,0.04388103364212579,0.31,0.09,2.59,0.26,1.71,9.22,6.76,1.8,0.61,16.76,0.22,2.59,0.13,2.06,100.0,statsbomb,event-level,2015/2016,Premier League
5198,Diego da Silva Costa,Chelsea,2411,12,5,70,11.809203979,20,79,107,29,5,334,61,61,47,3,18,0.03732890916632103,0.45,0.19,2.61,0.44,0.75,2.95,3.99,1.08,0.19,12.47,2.28,1.75,0.11,0.67,100.0,statsbomb,event-level,2015/2016,Premier League
5475,John Michael Nchekwube Obinna,Chelsea,1833,0,1,7,0.9143812689999999,4,303,62,55,35,394,21,21,15,4,3,0.049099836333878884,0.0,0.05,0.34,0.04,0.2,14.88,3.04,2.7,1.72,19.35,1.03,0.74,0.2,0.15,100.0,statsbomb,event-level,2015/2016,Premier League
5594,Branislav Ivanović,Chelsea,2980,2,2,28,2.2640555568000003,12,615,74,75,44,388,95,95,9,0,38,0.030201342281879196,0.06,0.06,0.85,0.07,0.36,18.57,2.23,2.27,1.33,11.72,2.87,0.27,0.0,1.15,100.0,statsbomb,event-level,2015/2016,Premier League
6623,Loïc Rémy,Chelsea,304,1,0,13,1.647004704,3,10,9,0,0,28,9,9,8,1,5,0.29605263157894735,0.3,0.0,3.85,0.49,0.89,2.96,2.66,0.0,0.0,8.29,2.66,2.37,0.3,1.48,100.0,statsbomb,event-level,2015/2016,Premier League
6746,Gabriel Armando de Abreu,Arsenal,1789,1,0,12,1.0417122505,1,302,75,45,45,133,65,65,5,1,1,0.05030743432084964,0.05,0.0,0.6,0.05,0.05,15.19,3.77,2.26,2.26,6.69,3.27,0.25,0.05,0.05,100.0,statsbomb,event-level,2015/2016,Premier League
11386,Santiago Cazorla González,Arsenal,1308,0,3,24,1.784200687,36,368,89,25,11,185,2,2,35,20,23,0.06880733944954129,0.0,0.21,1.65,0.12,2.48,25.32,6.12,1.72,0.76,12.73,0.14,2.41,1.38,1.58,100.0,statsbomb,event-level,2015/2016,Premier League
28100,Ramires Santos do Nascimento,Chelsea,623,2,0,10,0.789509716,1,97,16,22,3,151,9,9,7,1,4,0.14446227929373998,0.29,0.0,1.44,0.11,0.14,14.01,2.31,3.18,0.43,21.81,1.3,1.01,0.14,0.58,100.0,statsbomb,event-level,2015/2016,Premier League
40122,Oscar dos Santos Emboaba Júnior,Chelsea,1796,3,3,51,5.109910107699999,27,268,107,63,15,397,19,19,39,9,38,0.05011135857461024,0.15,0.15,2.56,0.26,1.35,13.43,5.36,3.16,0.75,19.89,0.95,1.95,0.45,1.9,100.0,statsbomb,event-level,2015/2016,Premier League
3436,Idrissa Gana Gueye,Aston Villa,3136,0,1,30,1.086028215,26,416,187,153,80,1001,44,44,74,2,13,0.028698979591836735,0.0,0.03,0.86,0.03,0.75,11.94,5.37,4.39,2.3,28.73,1.26,2.12,0.06,0.37,100.0,statsbomb,event-level,2015/2016,Premier League
3450,Jordan Ayew,Aston Villa,2401,7,0,61,5.245550229499998,14,124,170,43,18,699,65,65,85,4,42,0.037484381507705125,0.26,0.0,2.29,0.2,0.52,4.65,6.37,1.61,0.67,26.2,2.44,3.19,0.15,1.57,100.0,statsbomb,event-level,2015/2016,Premier League
3475,Per Mertesacker,Arsenal,2063,0,0,8,1.2366225780000002,1,449,79,20,16,87,82,82,2,1,0,0.043625787687833255,0.0,0.0,0.35,0.05,0.04,19.59,3.45,0.87,0.7,3.8,3.58,0.09,0.04,0.0,100.0,statsbomb,event-level,2015/2016,Premier League
3528,Kieran Gibbs,Arsenal,401,1,0,5,0.674481988,1,72,17,13,7,104,7,7,4,1,5,0.22443890274314215,0.22,0.0,1.12,0.15,0.22,16.16,3.82,2.92,1.57,23.34,1.57,0.9,0.22,1.12,100.0,statsbomb,event-level,2015/2016,Premier League
5581,Joel Nathaniel Campbell Samuels,Arsenal,872,3,2,20,1.7564523170000002,11,87,61,28,9,226,6,6,14,5,9,0.10321100917431193,0.31,0.21,2.06,0.18,1.14,8.98,6.3,2.89,0.93,23.33,0.62,1.44,0.52,0.93,100.0,statsbomb,event-level,2015/2016,Premier League
5685,Carlos Alberto Sánchez Moreno,Aston Villa,1380,0,0,13,0.47976771999999995,3,208,20,53,17,287,40,40,22,0,2,0.06521739130434782,0.0,0.0,0.85,0.03,0.2,13.57,1.3,3.46,1.11,18.72,2.61,1.43,0.0,0.13,100.0,statsbomb,event-level,2015/2016,Premier League
6631,Mathieu Flamini,Arsenal,1088,0,0,7,0.919225688,4,141,24,34,13,191,15,15,2,1,2,0.08272058823529412,0.0,0.0,0.58,0.08,0.33,11.66,1.99,2.81,1.08,15.8,1.24,0.17,0.08,0.17,100.0,statsbomb,event-level,2015/2016,Premier League
6800,Carles Gil de Pareja Vicent,Aston Villa,1438,2,1,18,1.017689849,22,155,123,23,7,290,3,3,37,2,33,0.06258692628650904,0.13,0.06,1.13,0.06,1.38,9.7,7.7,1.44,0.44,18.15,0.19,2.32,0.13,2.07,100.0,statsbomb,event-level,2015/2016,Premier League
7153,Jordan Veretout,Aston Villa,1859,0,5,20,1.2621545959999998,35,341,76,33,14,424,17,17,11,6,40,0.04841312533620226,0.0,0.24,0.97,0.06,1.69,16.51,3.68,1.6,0.68,20.53,0.82,0.53,0.29,1.94,100.0,statsbomb,event-level,2015/2016,Premier League
9533,Leandro Bacuna,Aston Villa,2452,1,0,32,1.4977175494000001,17,577,81,59,29,416,31,31,29,7,53,0.0367047308319739,0.04,0.0,1.17,0.05,0.62,21.18,2.97,2.17,1.06,15.27,1.14,1.06,0.26,1.95,100.0,statsbomb,event-level,2015/2016,Premier League
9638,Jack Grealish,Aston Villa,848,1,0,16,0.704957433,11,71,69,4,3,123,3,3,19,2,6,0.10613207547169812,0.11,0.0,1.7,0.07,1.17,7.54,7.32,0.42,0.32,13.05,0.32,2.02,0.21,0.64,100.0,statsbomb,event-level,2015/2016,Premier League
9642,Alan Hutton,Aston Villa,2356,0,1,11,0.556799228,23,587,137,60,25,330,46,46,11,2,87,0.038200339558573854,0.0,0.04,0.42,0.02,0.88,22.42,5.23,2.29,0.96,12.61,1.76,0.42,0.08,3.32,100.0,statsbomb,event-level,2015/2016,Premier League
11117,Scott Sinclair,Aston Villa,1595,2,0,17,3.115692275,4,58,90,17,7,205,8,8,33,1,15,0.05642633228840126,0.11,0.0,0.96,0.18,0.23,3.27,5.08,0.96,0.39,11.57,0.45,1.86,0.06,0.85,100.0,statsbomb,event-level,2015/2016,Premier League
11333,Adama Traoré Diarra,Aston Villa,194,0,1,2,0.12489151000000001,0,23,38,1,0,28,0,0,21,0,17,0.4639175257731959,0.0,0.46,0.93,0.06,0.0,10.67,17.63,0.46,0.0,12.99,0.0,9.74,0.0,7.89,,statsbomb,event-level,2015/2016,Premier League
12608,Bradley Guzan,Aston Villa,2535,0,0,0,0.0,1,774,45,0,0,2,0,0,0,0,0,0.03550295857988166,0.0,0.0,0.0,0.0,0.04,27.48,1.6,0.0,0.0,0.07,0.0,0.0,0.0,0.0,,statsbomb,event-level,2015/2016,Premier League
19362,Rudy Gestede,Aston Villa,1737,5,1,63,5.239368649999999,11,127,9,10,3,190,254,254,13,4,5,0.05181347150259067,0.26,0.05,3.26,0.27,0.57,6.58,0.47,0.52,0.16,9.84,13.16,0.67,0.21,0.26,100.0,statsbomb,event-level,2015/2016,Premier League
20285,Joleon Lescott,Aston Villa,2844,2,0,11,1.5410286779999998,4,436,34,44,36,277,121,121,9,2,4,0.03164556962025317,0.06,0.0,0.35,0.05,0.13,13.8,1.08,1.39,1.14,8.77,3.83,0.28,0.06,0.13,100.0,statsbomb,event-level,2015/2016,Premier League
24380,Tetchi Jores Charlemagne Ulrich Okore,Aston Villa,1064,0,0,0,0.0,1,146,20,37,17,132,29,29,3,1,0,0.08458646616541353,0.0,0.0,0.0,0.0,0.08,12.35,1.69,3.13,1.44,11.17,2.45,0.25,0.08,0.0,100.0,statsbomb,event-level,2015/2016,Premier League
3054,Fernando Luiz Rosa,Manchester City,2761,2,2,30,1.5848481539999995,25,487,94,112,47,705,62,62,26,7,9,0.03259688518652662,0.07,0.07,0.98,0.05,0.81,15.87,3.06,3.65,1.53,22.98,2.02,0.85,0.23,0.29,100.0,statsbomb,event-level,2015/2016,Premier League
3064,David Josué Jiménez Silva,Manchester City,1818,2,10,29,2.8350089499999997,50,325,134,38,18,326,13,13,31,9,42,0.04950495049504951,0.1,0.5,1.44,0.14,2.48,16.09,6.63,1.88,0.89,16.14,0.64,1.53,0.45,2.08,100.0,statsbomb,event-level,2015/2016,Premier League
3087,Gnégnéri Yaya Touré,Manchester City,2357,6,3,74,5.880840276999999,40,374,124,42,15,333,43,43,44,21,11,0.03818413237165889,0.23,0.11,2.83,0.22,1.53,14.28,4.73,1.6,0.57,12.72,1.64,1.68,0.8,0.42,100.0,statsbomb,event-level,2015/2016,Premier League
3089,Kevin De Bruyne,Manchester City,2038,7,9,48,4.502264549000001,69,408,140,30,18,450,17,17,43,15,89,0.04416094210009813,0.31,0.4,2.12,0.2,3.05,18.02,6.18,1.32,0.79,19.87,0.75,1.9,0.66,3.93,100.0,statsbomb,event-level,2015/2016,Premier League
3090,Nicolás Hernán Otamendi,Manchester City,2713,1,0,28,1.3754811239,4,519,116,89,83,358,121,121,8,0,0,0.03317360855141909,0.03,0.0,0.93,0.05,0.13,17.22,3.85,2.95,2.75,11.88,4.01,0.27,0.0,0.0,100.0,statsbomb,event-level,2015/2016,Premier League
3233,Raheem Sterling,Manchester City,1933,6,2,51,6.411888004999999,33,166,145,34,28,311,11,11,48,5,44,0.04655975168132437,0.28,0.09,2.37,0.3,1.54,7.73,6.75,1.58,1.3,14.48,0.51,2.23,0.23,2.05,100.0,statsbomb,event-level,2015/2016,Premier League
3237,Sergio Leonel Agüero del Castillo,Manchester City,2377,24,2,118,17.6730739255,24,78,138,22,9,278,10,10,64,4,19,0.03786285233487589,0.91,0.08,4.47,0.67,0.91,2.95,5.23,0.83,0.34,10.53,0.38,2.42,0.15,0.72,100.0,statsbomb,event-level,2015/2016,Premier League
3291,Joe Hart,Manchester City,3046,0,0,0,0.0,2,717,46,0,0,4,0,0,1,0,0,0.02954694681549573,0.0,0.0,0.0,0.0,0.06,21.19,1.36,0.0,0.0,0.12,0.0,0.03,0.0,0.0,,statsbomb,event-level,2015/2016,Premier League
3389,Eliaquim Mangala,Manchester City,2028,0,0,6,0.787040998,0,252,27,37,33,238,58,58,6,0,0,0.04437869822485207,0.0,0.0,0.27,0.03,0.0,11.18,1.2,1.64,1.46,10.56,2.57,0.27,0.0,0.0,100.0,statsbomb,event-level,2015/2016,Premier League
3598,Wilfried Guemiand Bony,Manchester City,1251,4,3,61,7.2804747710000015,8,48,14,10,2,98,67,67,15,6,3,0.07194244604316546,0.29,0.22,4.39,0.52,0.58,3.45,1.01,0.72,0.14,7.05,4.82,1.08,0.43,0.22,100.0,statsbomb,event-level,2015/2016,Premier League
4597,Fabian Delph,Manchester City,750,2,0,13,0.32970794170000006,3,89,42,26,22,161,8,8,24,1,3,0.12,0.24,0.0,1.56,0.04,0.36,10.68,5.04,3.12,2.64,19.32,0.96,2.88,0.12,0.36,100.0,statsbomb,event-level,2015/2016,Premier League
5596,Aleksandar Kolarov,Manchester City,2338,3,3,41,1.8921825559999996,35,694,82,33,25,232,49,49,21,3,91,0.03849443969204448,0.12,0.12,1.58,0.07,1.35,26.72,3.16,1.27,0.96,8.93,1.89,0.81,0.12,3.5,100.0,statsbomb,event-level,2015/2016,Premier League
6821,Jesús Navas González,Manchester City,2337,0,7,31,2.8745031953999995,48,368,214,28,13,390,9,9,45,7,115,0.038510911424903725,0.0,0.27,1.19,0.11,1.85,14.17,8.24,1.08,0.5,15.02,0.35,1.73,0.27,4.43,100.0,statsbomb,event-level,2015/2016,Premier League
7110,Bacary Sagna,Manchester City,2496,0,3,4,0.195271581,27,666,32,52,24,285,105,105,9,3,57,0.036057692307692304,0.0,0.11,0.14,0.01,0.97,24.01,1.15,1.87,0.87,10.28,3.79,0.32,0.11,2.06,100.0,statsbomb,event-level,2015/2016,Premier League
3057,Jonjo Shelvey,Swansea City,2310,1,4,57,2.7052369762999997,39,600,114,39,38,332,16,16,37,30,41,0.03896103896103896,0.04,0.16,2.22,0.11,1.52,23.38,4.44,1.52,1.48,12.94,0.62,1.44,1.17,1.6,100.0,statsbomb,event-level,2015/2016,Premier League
3262,Łukasz Fabiański,Swansea City,3337,0,1,1,0.10419701,3,962,35,0,0,5,1,1,0,0,0,0.02697033263410249,0.0,0.03,0.03,0.0,0.08,25.95,0.94,0.0,0.0,0.13,0.03,0.0,0.0,0.0,100.0,statsbomb,event-level,2015/2016,Premier League
3290,Federico Fernández,Swansea City,2932,1,1,17,1.7145470079999998,8,699,113,68,49,312,121,121,4,3,2,0.030695770804911322,0.03,0.03,0.52,0.05,0.25,21.46,3.47,2.09,1.5,9.58,3.71,0.12,0.09,0.06,100.0,statsbomb,event-level,2015/2016,Premier League
3340,Kyle Naughton,Swansea City,1828,0,3,9,0.408008469,16,574,63,48,19,291,47,47,11,4,39,0.04923413566739606,0.0,0.15,0.44,0.02,0.79,28.26,3.1,2.36,0.94,14.33,2.31,0.54,0.2,1.92,100.0,statsbomb,event-level,2015/2016,Premier League
3347,André Ayew Pelé,Swansea City,2970,12,2,69,7.593027025699999,17,184,111,63,16,599,57,57,41,8,15,0.030303030303030304,0.36,0.06,2.09,0.23,0.52,5.58,3.36,1.91,0.48,18.15,1.73,1.24,0.24,0.45,100.0,statsbomb,event-level,2015/2016,Premier League
3605,Sung-Yeung Ki,Swansea City,1898,2,1,24,2.258054573999999,21,248,111,31,18,332,26,26,13,8,6,0.04741833508956796,0.09,0.05,1.14,0.11,1.0,11.76,5.26,1.47,0.85,15.74,1.23,0.62,0.38,0.28,100.0,statsbomb,event-level,2015/2016,Premier League
3644,Ashley Williams,Swansea City,3279,2,1,16,2.037459865,10,698,138,71,69,269,109,109,5,3,2,0.027447392497712716,0.05,0.03,0.44,0.06,0.27,19.16,3.79,1.95,1.89,7.38,2.99,0.14,0.08,0.05,100.0,statsbomb,event-level,2015/2016,Premier League
3647,Alex Iwobi,Arsenal,628,2,2,15,1.723545008,10,74,61,10,10,101,2,2,12,4,8,0.14331210191082802,0.29,0.29,2.15,0.25,1.43,10.61,8.74,1.43,1.43,14.47,0.29,1.72,0.57,1.15,100.0,statsbomb,event-level,2015/2016,Premier League
3944,Gylfi Þór Sigurðsson,Swansea City,2962,11,3,89,7.495362014000002,57,355,40,41,27,743,14,14,29,19,57,0.03038487508440243,0.33,0.09,2.7,0.23,1.73,10.79,1.22,1.25,0.82,22.58,0.43,0.88,0.58,1.73,100.0,statsbomb,event-level,2015/2016,Premier League
4631,Leon Britton,Swansea City,1537,0,0,5,0.127162849,4,214,41,42,42,327,12,12,16,3,2,0.05855562784645413,0.0,0.0,0.29,0.01,0.23,12.53,2.4,2.46,2.46,19.15,0.7,0.94,0.18,0.12,100.0,statsbomb,event-level,2015/2016,Premier League
7063,Jefferson Antonio Montero Vite,Swansea City,1367,0,2,21,1.8217127510000002,24,170,173,22,5,193,13,13,39,0,89,0.06583760058522312,0.0,0.13,1.38,0.12,1.58,11.19,11.39,1.45,0.33,12.71,0.86,2.57,0.0,5.86,100.0,statsbomb,event-level,2015/2016,Premier League
9536,Modou Barrow,Swansea City,820,1,3,12,0.6395988,12,68,76,19,8,199,8,8,30,0,25,0.10975609756097561,0.11,0.33,1.32,0.07,1.32,7.46,8.34,2.09,0.88,21.84,0.88,3.29,0.0,2.74,100.0,statsbomb,event-level,2015/2016,Premier League
9627,Neil Taylor,Swansea City,2997,0,1,9,0.18414756680000002,15,580,98,46,33,347,29,29,12,2,55,0.03003003003003003,0.0,0.03,0.27,0.01,0.45,17.42,2.94,1.38,0.99,10.42,0.87,0.36,0.06,1.65,100.0,statsbomb,event-level,2015/2016,Premier League
15996,Éderzito António Macedo Lopes,Swansea City,296,0,0,5,0.395401042,2,15,8,4,2,51,9,9,6,0,3,0.30405405405405406,0.0,0.0,1.52,0.12,0.61,4.56,2.43,1.22,0.61,15.51,2.74,1.82,0.0,0.91,100.0,statsbomb,event-level,2015/2016,Premier League
20521,Bafétimbi Gomis,Swansea City,1749,6,0,59,7.6276042785,14,45,37,11,4,207,54,54,32,1,6,0.051457975986277875,0.31,0.0,3.04,0.39,0.72,2.32,1.9,0.57,0.21,10.65,2.78,1.65,0.05,0.31,100.0,statsbomb,event-level,2015/2016,Premier League
3321,Patrick van Aanholt,Sunderland,2992,4,4,46,2.3924948018000003,26,619,116,82,52,442,19,19,41,2,49,0.030080213903743314,0.12,0.12,1.38,0.07,0.78,18.62,3.49,2.47,1.56,13.3,0.57,1.23,0.06,1.47,100.0,statsbomb,event-level,2015/2016,Premier League
3658,DeAndre Yedlin,Sunderland,1850,0,1,4,0.461094879,11,399,66,42,26,370,35,35,23,1,27,0.04864864864864865,0.0,0.05,0.19,0.02,0.54,19.41,3.21,2.04,1.26,18.0,1.7,1.12,0.05,1.31,100.0,statsbomb,event-level,2015/2016,Premier League
4417,Ola Toivonen,Sunderland,662,0,2,7,0.408329984,6,55,10,13,0,114,31,31,1,0,2,0.13595166163141995,0.0,0.27,0.95,0.06,0.82,7.48,1.36,1.77,0.0,15.5,4.21,0.14,0.0,0.27,100.0,statsbomb,event-level,2015/2016,Premier League
4429,Yann Gérard M''Vila,Sunderland,3257,1,3,30,0.9914188749999999,43,684,107,109,65,630,48,48,28,9,36,0.0276327909118821,0.03,0.08,0.83,0.03,1.19,18.9,2.96,3.01,1.8,17.41,1.33,0.77,0.25,0.99,100.0,statsbomb,event-level,2015/2016,Premier League
4746,Younes Kaboul,Sunderland,2033,0,1,11,0.7563836586,5,363,63,43,39,286,89,89,12,2,7,0.04426955238563699,0.0,0.04,0.49,0.03,0.22,16.07,2.79,1.9,1.73,12.66,3.94,0.53,0.09,0.31,100.0,statsbomb,event-level,2015/2016,Premier League
6300,Sebastián Coates Nión,Sunderland,1252,0,1,7,0.809585872,1,206,21,51,25,179,48,48,6,2,1,0.07188498402555911,0.0,0.07,0.5,0.06,0.07,14.81,1.51,3.67,1.8,12.87,3.45,0.43,0.14,0.07,100.0,statsbomb,event-level,2015/2016,Premier League
6871,Costel Fane Pantilimon,Sunderland,1538,0,0,0,0.0,1,512,24,0,0,6,0,0,0,0,0,0.05851755526657997,0.0,0.0,0.0,0.0,0.06,29.96,1.4,0.0,0.0,0.35,0.0,0.0,0.0,0.0,,statsbomb,event-level,2015/2016,Premier League
7171,Fabio Borini,Sunderland,1920,5,2,49,4.822003409999998,15,171,72,32,26,380,35,35,17,5,26,0.046875,0.23,0.09,2.3,0.23,0.7,8.02,3.38,1.5,1.22,17.81,1.64,0.8,0.23,1.22,100.0,statsbomb,event-level,2015/2016,Premier League
9554,Steven Fletcher,Sunderland,1021,4,0,23,2.2615178539999996,10,59,15,10,1,143,86,86,14,2,8,0.0881488736532811,0.35,0.0,2.03,0.2,0.88,5.2,1.32,0.88,0.09,12.61,7.58,1.23,0.18,0.71,100.0,statsbomb,event-level,2015/2016,Premier League
16457,Jeremain Lens,Sunderland,1320,3,3,28,2.1020062906000003,14,207,79,36,4,320,17,17,34,8,49,0.06818181818181818,0.2,0.2,1.91,0.14,0.95,14.11,5.39,2.45,0.27,21.82,1.16,2.32,0.55,3.34,100.0,statsbomb,event-level,2015/2016,Premier League
16890,John O''Shea,Sunderland,2018,0,0,8,0.43619523600000004,1,265,22,32,31,185,82,82,1,2,1,0.044598612487611496,0.0,0.0,0.36,0.02,0.04,11.82,0.98,1.43,1.38,8.25,3.66,0.04,0.09,0.04,100.0,statsbomb,event-level,2015/2016,Premier League
18751,Jack Rodwell,Sunderland,1188,1,0,27,2.5310200800000002,14,119,27,23,8,194,37,37,8,2,2,0.07575757575757576,0.08,0.0,2.05,0.19,1.06,9.02,2.05,1.74,0.61,14.7,2.8,0.61,0.15,0.15,100.0,statsbomb,event-level,2015/2016,Premier League
22281,Duncan Watmore,Sunderland,935,3,1,17,1.9948447040000001,9,36,70,7,4,156,8,8,22,2,12,0.0962566844919786,0.29,0.1,1.64,0.19,0.87,3.47,6.74,0.67,0.39,15.02,0.77,2.12,0.19,1.16,100.0,statsbomb,event-level,2015/2016,Premier League
42902,Adam Johnson,Sunderland,1176,2,5,16,1.7620988539999995,25,233,51,11,10,137,6,6,14,11,22,0.07653061224489796,0.15,0.38,1.22,0.13,1.91,17.83,3.9,0.84,0.77,10.48,0.46,1.07,0.84,1.68,100.0,statsbomb,event-level,2015/2016,Premier League
3380,Christian Benteke Liolo,Liverpool,1578,9,3,64,11.003690723,23,83,28,12,3,162,132,132,11,1,5,0.057034220532319393,0.51,0.17,3.65,0.63,1.31,4.73,1.6,0.68,0.17,9.24,7.53,0.63,0.06,0.29,100.0,statsbomb,event-level,2015/2016,Premier League
3471,Dejan Lovren,Liverpool,1932,0,0,22,1.5049366940000004,8,410,69,38,26,211,113,113,2,3,3,0.046583850931677016,0.0,0.0,1.02,0.07,0.37,19.1,3.21,1.77,1.21,9.83,5.26,0.09,0.14,0.14,100.0,statsbomb,event-level,2015/2016,Premier League
3473,James Philip Milner,Liverpool,2463,5,11,39,3.9768661796000004,50,617,102,60,26,636,33,33,21,8,86,0.03654080389768575,0.18,0.4,1.43,0.15,1.83,22.55,3.73,2.19,0.95,23.24,1.21,0.77,0.29,3.14,100.0,statsbomb,event-level,2015/2016,Premier League
3493,Emre Can,Liverpool,2539,1,0,31,2.1141365590000007,26,438,185,89,45,570,61,61,40,7,12,0.035447026388341865,0.04,0.0,1.1,0.07,0.92,15.53,6.56,3.15,1.6,20.2,2.16,1.42,0.25,0.43,100.0,statsbomb,event-level,2015/2016,Premier League
3495,Joe Gomez,Liverpool,443,0,1,1,0.016134378,2,113,14,13,8,52,11,11,4,0,7,0.20316027088036118,0.0,0.2,0.2,0.0,0.41,22.96,2.84,2.64,1.63,10.56,2.23,0.81,0.0,1.42,100.0,statsbomb,event-level,2015/2016,Premier League
3501,Philippe Coutinho Correia,Liverpool,2007,8,5,111,7.128245856100003,43,348,163,32,24,383,9,9,51,23,27,0.04484304932735426,0.36,0.22,4.98,0.32,1.93,15.61,7.31,1.43,1.08,17.17,0.4,2.29,1.03,1.21,100.0,statsbomb,event-level,2015/2016,Premier League
3515,Alberto Moreno Pérez,Liverpool,2610,1,4,34,1.4703509806,54,702,104,85,43,432,20,20,23,3,107,0.034482758620689655,0.03,0.14,1.17,0.05,1.86,24.21,3.59,2.93,1.48,14.9,0.69,0.79,0.1,3.69,100.0,statsbomb,event-level,2015/2016,Premier League
3535,Roberto Firmino Barbosa de Oliveira,Liverpool,2009,10,7,65,7.3517586904,37,196,86,74,13,614,33,33,55,12,31,0.04479840716774515,0.45,0.31,2.91,0.33,1.66,8.78,3.85,3.32,0.58,27.51,1.48,2.46,0.54,1.39,100.0,statsbomb,event-level,2015/2016,Premier League
3539,Simon Mignolet,Liverpool,3016,0,0,0,0.0,0,759,44,0,0,3,0,0,4,0,0,0.029840848806366047,0.0,0.0,0.0,0.0,0.0,22.65,1.31,0.0,0.0,0.09,0.0,0.12,0.0,0.0,,statsbomb,event-level,2015/2016,Premier League
3635,Jordon Ibe,Liverpool,1203,1,1,30,1.2689323965,18,123,158,13,5,203,3,3,44,1,31,0.07481296758104738,0.07,0.07,2.24,0.09,1.35,9.2,11.82,0.97,0.37,15.19,0.22,3.29,0.07,2.32,100.0,statsbomb,event-level,2015/2016,Premier League
4590,Nathaniel Edwin Clyne,Liverpool,3044,1,0,31,2.3672014983000005,28,782,180,75,35,443,17,17,18,3,54,0.02956636005256242,0.03,0.0,0.92,0.07,0.83,23.12,5.32,2.22,1.03,13.1,0.5,0.53,0.09,1.6,100.0,statsbomb,event-level,2015/2016,Premier League
7780,Lucas Pezzini Leiva,Liverpool,1994,0,1,10,0.553640256,20,478,58,98,32,528,73,73,16,11,4,0.04513540621865597,0.0,0.05,0.45,0.02,0.9,21.57,2.62,4.42,1.44,23.83,3.29,0.72,0.5,0.18,100.0,statsbomb,event-level,2015/2016,Premier League
18872,Martin Škrtel,Liverpool,1911,1,0,10,0.507316491,5,423,73,31,24,136,84,84,2,0,1,0.04709576138147567,0.05,0.0,0.47,0.02,0.24,19.92,3.44,1.46,1.13,6.41,3.96,0.09,0.0,0.05,100.0,statsbomb,event-level,2015/2016,Premier League
20781,Jordan Rossiter,Liverpool,15,0,0,0,0.0,0,0,0,1,1,13,1,1,0,0,0,6.0,0.0,0.0,0.0,0.0,0.0,0.0,0.0,6.0,6.0,78.0,6.0,0.0,0.0,0.0,100.0,statsbomb,event-level,2015/2016,Premier League
3098,Victor Wanyama,Southampton,2525,1,1,31,1.7942775163,12,369,61,89,43,618,87,87,30,2,4,0.03564356435643564,0.04,0.04,1.1,0.06,0.43,13.15,2.17,3.17,1.53,22.03,3.1,1.07,0.07,0.14,100.0,statsbomb,event-level,2015/2016,Premier League
3272,Oriol Romeu Vidal,Southampton,1649,1,0,29,2.50753823,11,267,54,80,26,428,37,37,19,5,1,0.0545785324439054,0.05,0.0,1.58,0.14,0.6,14.57,2.95,4.37,1.42,23.36,2.02,1.04,0.27,0.05,100.0,statsbomb,event-level,2015/2016,Premier League
3328,James Ward-Prowse,Southampton,1575,2,4,29,2.2664223095000002,27,268,29,16,10,305,17,17,10,4,39,0.05714285714285714,0.11,0.23,1.66,0.13,1.54,15.31,1.66,0.91,0.57,17.43,0.97,0.57,0.23,2.23,100.0,statsbomb,event-level,2015/2016,Premier League
3590,Rhu-endly Martina,Southampton,1088,1,1,3,0.125135943,11,298,15,34,31,175,6,6,3,4,33,0.08272058823529412,0.08,0.08,0.25,0.01,0.91,24.65,1.24,2.81,2.56,14.48,0.5,0.25,0.33,2.73,100.0,statsbomb,event-level,2015/2016,Premier League
3629,Sadio Mané,Southampton,2627,11,6,86,12.052078224999999,37,190,219,55,21,505,21,21,80,8,65,0.03425961172440046,0.38,0.21,2.95,0.41,1.27,6.51,7.5,1.88,0.72,17.3,0.72,2.74,0.27,2.23,100.0,statsbomb,event-level,2015/2016,Premier League
3669,Virgil van Dijk,Southampton,3129,3,0,29,2.999237514999999,8,556,125,66,69,272,204,204,10,1,4,0.028763183125599234,0.09,0.0,0.83,0.09,0.23,15.99,3.6,1.9,1.98,7.82,5.87,0.29,0.03,0.12,100.0,statsbomb,event-level,2015/2016,Premier League
3828,Steven Davis,Southampton,2644,5,2,20,2.0640061254,46,508,130,64,21,555,18,18,23,9,47,0.0340393343419062,0.17,0.07,0.68,0.07,1.57,17.29,4.43,2.18,0.71,18.89,0.61,0.78,0.31,1.6,100.0,statsbomb,event-level,2015/2016,Premier League
3831,Dušan Tadić,Southampton,2295,7,11,56,6.782875651999999,66,485,103,36,14,384,17,17,38,18,134,0.0392156862745098,0.27,0.43,2.2,0.27,2.59,19.02,4.04,1.41,0.55,15.06,0.67,1.49,0.71,5.25,100.0,statsbomb,event-level,2015/2016,Premier League
3842,Shane Long,Southampton,2178,10,4,63,7.984430635499997,30,132,41,24,15,359,123,123,12,6,44,0.04132231404958678,0.41,0.17,2.6,0.33,1.24,5.45,1.69,0.99,0.62,14.83,5.08,0.5,0.25,1.82,100.0,statsbomb,event-level,2015/2016,Premier League
3960,José Miguel da Rocha Fonte,Southampton,3201,2,0,24,2.732162336,5,652,123,51,58,274,113,113,4,2,7,0.028116213683223992,0.06,0.0,0.67,0.08,0.14,18.33,3.46,1.43,1.63,7.7,3.18,0.11,0.06,0.2,100.0,statsbomb,event-level,2015/2016,Premier League
6695,Juan Miguel Jiménez López,Southampton,203,0,0,6,0.42655452400000005,3,12,7,2,0,53,0,0,3,1,2,0.4433497536945813,0.0,0.0,2.66,0.19,1.33,5.32,3.1,0.89,0.0,23.5,0.0,1.33,0.44,0.89,,statsbomb,event-level,2015/2016,Premier League
16181,Jordy Clasie,Southampton,1557,0,0,14,0.540446676,10,251,23,42,29,433,14,14,6,6,9,0.057803468208092484,0.0,0.0,0.81,0.03,0.58,14.51,1.33,2.43,1.68,25.03,0.81,0.35,0.35,0.52,100.0,statsbomb,event-level,2015/2016,Premier League
20045,Ryan Bertrand,Southampton,2924,1,3,13,1.2763177975000002,19,637,88,52,47,374,66,66,20,1,72,0.030779753761969904,0.03,0.09,0.4,0.04,0.58,19.61,2.71,1.6,1.45,11.51,2.03,0.62,0.03,2.22,100.0,statsbomb,event-level,2015/2016,Premier League
20201,Maarten Stekelenburg,Southampton,1517,0,0,0,0.0,1,389,25,0,0,3,0,0,0,0,0,0.05932762030323006,0.0,0.0,0.0,0.0,0.06,23.08,1.48,0.0,0.0,0.18,0.0,0.0,0.0,0.0,,statsbomb,event-level,2015/2016,Premier League
3449,Wayne Routledge,Swansea City,1686,2,1,18,2.7345394620000003,27,193,61,28,11,331,12,12,24,7,42,0.05338078291814947,0.11,0.05,0.96,0.15,1.44,10.3,3.26,1.49,0.59,17.67,0.64,1.28,0.37,2.24,100.0,statsbomb,event-level,2015/2016,Premier League
3462,Jack Frank Porteous Cork,Swansea City,2603,1,1,19,0.8861317100000001,27,405,111,83,64,615,87,87,41,12,14,0.03457548981943911,0.03,0.03,0.66,0.03,0.93,14.0,3.84,2.87,2.21,21.26,3.01,1.42,0.41,0.48,100.0,statsbomb,event-level,2015/2016,Premier League
3529,Daniel Andre Sturridge,Liverpool,981,8,1,48,5.124934395400001,5,66,26,5,4,99,7,7,20,5,12,0.09174311926605505,0.73,0.09,4.4,0.47,0.46,6.06,2.39,0.46,0.37,9.08,0.64,1.83,0.46,1.1,100.0,statsbomb,event-level,2015/2016,Premier League
3532,Jordan Brian Henderson,Liverpool,1312,2,2,26,2.206942035,16,305,39,42,18,304,25,25,12,8,32,0.06859756097560976,0.14,0.14,1.78,0.15,1.1,20.92,2.68,2.88,1.23,20.85,1.71,0.82,0.55,2.2,100.0,statsbomb,event-level,2015/2016,Premier League
4090,Adam David Lallana,Liverpool,2145,4,7,42,3.8857538350000005,44,208,100,61,17,607,21,21,43,12,43,0.04195804195804196,0.17,0.29,1.76,0.16,1.85,8.73,4.2,2.56,0.71,25.47,0.88,1.8,0.5,1.8,100.0,statsbomb,event-level,2015/2016,Premier League
4726,Kyle Bartley,Swansea City,288,0,0,2,0.08941238,0,55,6,12,1,44,11,11,1,0,0,0.3125,0.0,0.0,0.62,0.03,0.0,17.19,1.88,3.75,0.31,13.75,3.44,0.31,0.0,0.0,100.0,statsbomb,event-level,2015/2016,Premier League
38412,Kolo Habib Touré,Liverpool,858,1,0,4,0.29085575,1,149,35,21,24,79,19,19,4,0,1,0.1048951048951049,0.1,0.0,0.42,0.03,0.1,15.63,3.67,2.2,2.52,8.29,1.99,0.42,0.0,0.1,100.0,statsbomb,event-level,2015/2016,Premier League
3049,Matt Ritchie,AFC Bournemouth,3035,4,6,79,4.637305232100002,35,611,93,53,42,621,31,31,26,6,89,0.029654036243822075,0.12,0.18,2.34,0.14,1.04,18.12,2.76,1.57,1.25,18.42,0.92,0.77,0.18,2.64,100.0,statsbomb,event-level,2015/2016,Premier League
3085,Glenn Murray,AFC Bournemouth,830,3,0,27,4.633835496,6,28,9,11,0,181,37,37,8,0,5,0.10843373493975904,0.33,0.0,2.93,0.5,0.65,3.04,0.98,1.19,0.0,19.63,4.01,0.87,0.0,0.54,100.0,statsbomb,event-level,2015/2016,Premier League
3270,Danny Simpson,Leicester City,2631,0,0,7,0.830563433,6,546,15,50,61,343,78,78,10,0,19,0.03420752565564424,0.0,0.0,0.24,0.03,0.21,18.68,0.51,1.71,2.09,11.73,2.67,0.34,0.0,0.65,100.0,statsbomb,event-level,2015/2016,Premier League
3304,Harry Arter,AFC Bournemouth,1664,1,0,36,1.0289659573999999,24,252,93,58,17,468,8,8,21,8,6,0.054086538461538464,0.05,0.0,1.95,0.06,1.3,13.63,5.03,3.14,0.92,25.31,0.43,1.14,0.43,0.32,100.0,statsbomb,event-level,2015/2016,Premier League
3307,Marc Albrighton,Leicester City,2761,2,7,42,2.3626669599999994,55,693,132,71,23,610,15,15,61,16,142,0.03259688518652662,0.07,0.23,1.37,0.08,1.79,22.59,4.3,2.31,0.75,19.88,0.49,1.99,0.52,4.63,100.0,statsbomb,event-level,2015/2016,Premier League
3341,Steve Cook,AFC Bournemouth,3201,4,0,26,2.3511459650000006,4,650,157,40,60,189,148,148,0,1,3,0.028116213683223992,0.11,0.0,0.73,0.07,0.11,18.28,4.41,1.12,1.69,5.31,4.16,0.0,0.03,0.08,100.0,statsbomb,event-level,2015/2016,Premier League
3343,Dan Gosling,AFC Bournemouth,2475,3,1,40,3.0795959647000006,28,244,107,75,26,646,41,41,34,5,6,0.03636363636363636,0.11,0.04,1.45,0.11,1.02,8.87,3.89,2.73,0.95,23.49,1.49,1.24,0.18,0.22,100.0,statsbomb,event-level,2015/2016,Premier League
3344,Andrew Surman,AFC Bournemouth,3491,0,3,16,0.7623997892,42,606,86,50,56,539,78,78,17,9,7,0.025780578630764824,0.0,0.08,0.41,0.02,1.08,15.62,2.22,1.29,1.44,13.9,2.01,0.44,0.23,0.18,100.0,statsbomb,event-level,2015/2016,Premier League
3345,Charlie Daniels,AFC Bournemouth,3341,3,5,23,2.934878227999999,31,816,199,80,24,427,36,36,47,2,93,0.02693804250224484,0.08,0.13,0.62,0.08,0.84,21.98,5.36,2.16,0.65,11.5,0.97,1.27,0.05,2.51,100.0,statsbomb,event-level,2015/2016,Premier League
3346,Joshua King,AFC Bournemouth,1927,6,2,56,5.836289980000003,21,58,99,33,10,593,40,40,57,5,23,0.0467047223663726,0.28,0.09,2.62,0.27,0.98,2.71,4.62,1.54,0.47,27.7,1.87,2.66,0.23,1.07,100.0,statsbomb,event-level,2015/2016,Premier League
3463,Junior Stanislas,AFC Bournemouth,1459,3,2,46,2.4055857666,31,235,113,25,15,265,16,16,34,8,43,0.061686086360520906,0.19,0.12,2.84,0.15,1.91,14.5,6.97,1.54,0.93,16.35,0.99,2.1,0.49,2.65,100.0,statsbomb,event-level,2015/2016,Premier League
3608,Simon Francis,AFC Bournemouth,3456,0,4,6,0.19690734930000003,32,1016,188,109,60,403,137,137,34,3,86,0.026041666666666668,0.0,0.1,0.16,0.01,0.83,26.46,4.9,2.84,1.56,10.49,3.57,0.89,0.08,2.24,100.0,statsbomb,event-level,2015/2016,Premier League
3631,Nathan Dyer,Leicester City,259,1,1,5,0.6213481270000001,4,23,22,4,0,53,2,2,7,0,4,0.3474903474903475,0.35,0.35,1.74,0.22,1.39,7.99,7.64,1.39,0.0,18.42,0.69,2.43,0.0,1.39,100.0,statsbomb,event-level,2015/2016,Premier League
3662,Danny Drinkwater,Leicester City,3098,2,7,42,1.7761880454999994,34,608,90,109,37,779,54,54,28,14,37,0.029051000645577793,0.06,0.2,1.22,0.05,0.99,17.66,2.61,3.17,1.07,22.63,1.57,0.81,0.41,1.07,100.0,statsbomb,event-level,2015/2016,Premier League
3671,José Leonardo Ulloa,Leicester City,1033,6,1,33,6.423967905,9,74,18,26,2,254,72,72,17,4,7,0.08712487899322362,0.52,0.09,2.88,0.56,0.78,6.45,1.57,2.27,0.17,22.13,6.27,1.48,0.35,0.61,100.0,statsbomb,event-level,2015/2016,Premier League
3810,Shinji Okazaki,Leicester City,2079,5,0,44,7.1223574140000006,17,68,36,37,11,515,74,74,23,1,10,0.04329004329004329,0.22,0.0,1.9,0.31,0.74,2.94,1.56,1.6,0.48,22.29,3.2,1.0,0.04,0.43,100.0,statsbomb,event-level,2015/2016,Premier League
3812,Christian Fuchs,Leicester City,2735,0,4,19,1.0004570380000002,43,964,57,101,73,497,69,69,11,3,88,0.03290676416819013,0.0,0.13,0.63,0.03,1.41,31.72,1.88,3.32,2.4,16.35,2.27,0.36,0.1,2.9,100.0,statsbomb,event-level,2015/2016,Premier League
3813,Wes Morgan,Leicester City,3390,2,0,21,2.948268348,3,320,51,53,46,273,129,129,9,0,1,0.02654867256637168,0.05,0.0,0.56,0.08,0.08,8.5,1.35,1.41,1.22,7.25,3.42,0.24,0.0,0.03,100.0,statsbomb,event-level,2015/2016,Premier League
3814,Riyad Mahrez,Leicester City,3060,17,10,87,12.163812770000005,56,441,242,52,33,587,42,42,123,24,78,0.029411764705882353,0.5,0.29,2.56,0.36,1.65,12.97,7.12,1.53,0.97,17.26,1.24,3.62,0.71,2.29,100.0,statsbomb,event-level,2015/2016,Premier League
3815,Kasper Schmeichel,Leicester City,3419,0,0,0,0.0,6,1183,82,0,0,6,0,0,1,1,0,0.026323486399532026,0.0,0.0,0.0,0.0,0.16,31.14,2.16,0.0,0.0,0.16,0.0,0.03,0.03,0.0,,statsbomb,event-level,2015/2016,Premier League
3961,N''Golo Kanté,Leicester City,3095,1,3,21,0.7659033805,24,388,164,164,110,906,47,47,48,3,20,0.029079159935379646,0.03,0.09,0.61,0.02,0.7,11.28,4.77,4.77,3.2,26.35,1.37,1.4,0.09,0.58,100.0,statsbomb,event-level,2015/2016,Premier League
6409,Adam Smith,AFC Bournemouth,2176,2,0,15,0.5216790726,14,357,167,67,27,538,33,33,35,1,43,0.04136029411764706,0.08,0.0,0.62,0.02,0.58,14.77,6.91,2.77,1.12,22.25,1.36,1.45,0.04,1.78,100.0,statsbomb,event-level,2015/2016,Premier League
10960,Jamie Vardy,Leicester City,3207,24,5,118,22.29868511899999,36,135,109,42,9,493,112,112,39,2,50,0.02806361085126286,0.67,0.14,3.31,0.63,1.01,3.79,3.06,1.18,0.25,13.84,3.14,1.09,0.06,1.4,100.0,statsbomb,event-level,2015/2016,Premier League
20074,Artur Boruc,AFC Bournemouth,2889,0,0,0,0.0,2,751,17,0,1,4,0,0,1,0,0,0.03115264797507788,0.0,0.0,0.0,0.0,0.06,23.4,0.53,0.0,0.03,0.12,0.0,0.03,0.0,0.0,,statsbomb,event-level,2015/2016,Premier League
28782,Ritchie De Laet,Leicester City,658,1,0,2,0.122346265,4,168,11,30,7,110,15,15,3,0,12,0.13677811550151975,0.14,0.0,0.27,0.02,0.55,22.98,1.5,4.1,0.96,15.05,2.05,0.41,0.0,1.64,100.0,statsbomb,event-level,2015/2016,Premier League
40123,Robert Huth,Leicester City,3142,3,0,30,2.599811442,1,267,17,37,46,252,154,154,4,0,1,0.02864417568427753,0.09,0.0,0.86,0.07,0.03,7.65,0.49,1.06,1.32,7.22,4.41,0.11,0.0,0.03,100.0,statsbomb,event-level,2015/2016,Premier League
40218,Sylvain Distin,AFC Bournemouth,860,0,0,2,0.16814246000000002,0,185,32,17,4,76,42,42,3,0,0,0.10465116279069768,0.0,0.0,0.21,0.02,0.0,19.36,3.35,1.78,0.42,7.95,4.4,0.31,0.0,0.0,100.0,statsbomb,event-level,2015/2016,Premier League
2966,Stéphane Sessègnon,West Bromwich Albion,1767,2,2,28,1.2507088880000001,26,175,143,21,18,220,18,18,50,3,51,0.050933786078098474,0.1,0.1,1.43,0.06,1.32,8.91,7.28,1.07,0.92,11.21,0.92,2.55,0.15,2.6,100.0,statsbomb,event-level,2015/2016,Premier League
3337,Jermain Defoe,Sunderland,2589,15,1,88,13.2098756745,18,77,46,22,5,348,20,20,20,4,6,0.03476245654692932,0.52,0.03,3.06,0.46,0.63,2.68,1.6,0.76,0.17,12.1,0.7,0.7,0.14,0.21,100.0,statsbomb,event-level,2015/2016,Premier League
3514,James McClean,West Bromwich Albion,2461,2,2,31,2.1490602424999996,30,350,113,73,19,551,77,77,35,2,107,0.03657049979683056,0.07,0.07,1.13,0.08,1.1,12.8,4.13,2.67,0.69,20.15,2.82,1.28,0.07,3.91,100.0,statsbomb,event-level,2015/2016,Premier League
3523,Craig Dawson,West Bromwich Albion,3453,4,0,38,3.431995575399998,23,918,34,76,44,443,158,158,15,2,77,0.026064291920069503,0.1,0.0,0.99,0.09,0.6,23.93,0.89,1.98,1.15,11.55,4.12,0.39,0.05,2.01,100.0,statsbomb,event-level,2015/2016,Premier League
3541,Chris Brunt,West Bromwich Albion,1816,0,3,17,0.613524584,16,488,44,30,15,205,34,34,11,2,45,0.04955947136563876,0.0,0.15,0.84,0.03,0.79,24.19,2.18,1.49,0.74,10.16,1.69,0.55,0.1,2.23,100.0,statsbomb,event-level,2015/2016,Premier League
3596,Gareth McAuley,West Bromwich Albion,3073,1,0,8,0.84951885,6,432,54,53,39,352,136,136,8,2,1,0.0292873413602343,0.03,0.0,0.23,0.02,0.18,12.65,1.58,1.55,1.14,10.31,3.98,0.23,0.06,0.03,100.0,statsbomb,event-level,2015/2016,Premier League
3967,Claudio Ariel Yacob,West Bromwich Albion,2862,0,1,9,0.216381981,8,331,29,115,60,770,64,64,10,2,5,0.031446540880503145,0.0,0.03,0.28,0.01,0.25,10.41,0.91,3.62,1.89,24.21,2.01,0.31,0.06,0.16,100.0,statsbomb,event-level,2015/2016,Premier League
4022,Darren Fletcher,West Bromwich Albion,3447,1,2,23,1.839551207,23,538,96,45,29,547,49,49,39,13,31,0.02610966057441253,0.03,0.05,0.6,0.05,0.6,14.05,2.51,1.17,0.76,14.28,1.28,1.02,0.34,0.81,100.0,statsbomb,event-level,2015/2016,Premier League
4041,José Salomón Rondón Giménez,West Bromwich Albion,2600,9,2,72,8.339465060100002,24,117,48,12,13,517,141,141,21,4,26,0.03461538461538462,0.31,0.07,2.49,0.29,0.83,4.05,1.66,0.42,0.45,17.9,4.88,0.73,0.14,0.9,100.0,statsbomb,event-level,2015/2016,Premier League
4217,Danny Graham,Sunderland,363,0,0,4,0.5011478739999999,0,27,0,2,4,48,23,23,0,0,3,0.24793388429752067,0.0,0.0,0.99,0.12,0.0,6.69,0.0,0.5,0.99,11.9,5.7,0.0,0.0,0.74,100.0,statsbomb,event-level,2015/2016,Premier League
4630,Saido Berahino,West Bromwich Albion,1774,4,0,36,6.222151514000001,18,82,37,19,8,265,15,15,30,0,12,0.05073280721533258,0.2,0.0,1.83,0.32,0.91,4.16,1.88,0.96,0.41,13.44,0.76,1.52,0.0,0.61,100.0,statsbomb,event-level,2015/2016,Premier League
5108,Glyn Oliver Myhill,West Bromwich Albion,2083,0,0,0,0.0,0,613,31,0,0,0,0,0,0,0,0,0.04320691310609698,0.0,0.0,0.0,0.0,0.0,26.49,1.34,0.0,0.0,0.0,0.0,0.0,0.0,0.0,,statsbomb,event-level,2015/2016,Premier League
5617,Sebastian Larsson,Sunderland,568,0,0,6,0.40069770000000005,6,88,10,17,4,171,7,7,2,0,9,0.15845070422535212,0.0,0.0,0.95,0.06,0.95,13.94,1.58,2.69,0.63,27.1,1.11,0.32,0.0,1.43,100.0,statsbomb,event-level,2015/2016,Premier League
9485,Craig Gardner,West Bromwich Albion,2064,3,3,50,3.8926895690000007,23,357,30,57,20,511,53,53,9,4,44,0.0436046511627907,0.13,0.13,2.18,0.17,1.0,15.57,1.31,2.49,0.87,22.28,2.31,0.39,0.17,1.92,100.0,statsbomb,event-level,2015/2016,Premier League
10503,Billy Jones,Sunderland,2051,1,0,13,1.8214269679999997,10,396,33,81,19,522,70,70,12,0,18,0.04388103364212579,0.04,0.0,0.57,0.08,0.44,17.38,1.45,3.55,0.83,22.91,3.07,0.53,0.0,0.79,100.0,statsbomb,event-level,2015/2016,Premier League
10783,Lee Cattermole,Sunderland,2229,0,0,10,0.671550593,20,312,33,57,36,440,43,43,14,16,8,0.040376850605652756,0.0,0.0,0.4,0.03,0.81,12.6,1.33,2.3,1.45,17.77,1.74,0.57,0.65,0.32,100.0,statsbomb,event-level,2015/2016,Premier League
11012,Jonathan Grant Evans,West Bromwich Albion,2624,1,1,9,2.0259355855,5,493,112,83,53,357,98,98,17,0,19,0.03429878048780488,0.03,0.03,0.31,0.07,0.17,16.91,3.84,2.85,1.82,12.24,3.36,0.58,0.0,0.65,100.0,statsbomb,event-level,2015/2016,Premier League
40124,Rickie Lambert,West Bromwich Albion,669,1,1,14,1.6784735619999998,8,75,2,1,1,89,49,49,3,2,5,0.13452914798206278,0.13,0.13,1.88,0.23,1.08,10.09,0.27,0.13,0.13,11.97,6.59,0.4,0.27,0.67,100.0,statsbomb,event-level,2015/2016,Premier League
43627,Jordi Gómez García-Penche,Sunderland,353,0,0,2,0.022011260999999997,3,43,4,8,2,46,6,6,2,1,3,0.254957507082153,0.0,0.0,0.51,0.01,0.76,10.96,1.02,2.04,0.51,11.73,1.53,0.51,0.25,0.76,100.0,statsbomb,event-level,2015/2016,Premier League
3044,Chancel Mbemba Mangulu,Newcastle United,2948,0,0,12,1.240383622,4,503,122,81,63,315,80,80,20,0,4,0.030529172320217096,0.0,0.0,0.37,0.04,0.12,15.36,3.72,2.47,1.92,9.62,2.44,0.61,0.0,0.12,100.0,statsbomb,event-level,2015/2016,Premier League
3065,Paul Dummett,Newcastle United,1905,1,0,5,0.335921315,3,420,32,60,27,320,70,70,6,0,17,0.047244094488188976,0.05,0.0,0.24,0.02,0.14,19.84,1.51,2.83,1.28,15.12,3.31,0.28,0.0,0.8,100.0,statsbomb,event-level,2015/2016,Premier League
3076,Ayoze Pérez Gutiérrez,Newcastle United,2064,6,2,51,3.6851812935,26,176,87,58,34,580,14,14,58,5,34,0.0436046511627907,0.26,0.09,2.22,0.16,1.13,7.67,3.79,2.53,1.48,25.29,0.61,2.53,0.22,1.48,100.0,statsbomb,event-level,2015/2016,Premier League
3091,Moussa Sissoko,Newcastle United,3289,1,7,39,3.692096528,50,405,263,59,28,603,79,79,78,5,114,0.027363940407418668,0.03,0.19,1.07,0.1,1.37,11.08,7.2,1.61,0.77,16.5,2.16,2.13,0.14,3.12,100.0,statsbomb,event-level,2015/2016,Premier League
3096,Rob Elliot,Newcastle United,1898,0,0,0,0.0,1,632,42,0,0,2,0,0,0,0,0,0.04741833508956796,0.0,0.0,0.0,0.0,0.05,29.97,1.99,0.0,0.0,0.09,0.0,0.0,0.0,0.0,,statsbomb,event-level,2015/2016,Premier League
3254,Florian Thauvin,Newcastle United,441,0,0,8,0.408411334,4,89,47,7,5,70,3,3,10,3,21,0.20408163265306123,0.0,0.0,1.63,0.08,0.82,18.16,9.59,1.43,1.02,14.29,0.61,2.04,0.61,4.29,100.0,statsbomb,event-level,2015/2016,Premier League
3567,Georginio Wijnaldum,Newcastle United,3185,11,4,54,7.722146134000001,38,256,136,42,23,413,41,41,81,7,20,0.0282574568288854,0.31,0.11,1.53,0.22,1.07,7.23,3.84,1.19,0.65,11.67,1.16,2.29,0.2,0.57,100.0,statsbomb,event-level,2015/2016,Premier League
3583,Ashley Westwood,Aston Villa,2760,2,2,38,2.0975800909999998,40,521,74,56,36,654,14,14,16,10,28,0.03260869565217391,0.07,0.07,1.24,0.07,1.3,16.99,2.41,1.83,1.17,21.33,0.46,0.52,0.33,0.91,100.0,statsbomb,event-level,2015/2016,Premier League
3650,Daryl Janmaat,Newcastle United,2793,2,4,21,1.2038169733999997,22,775,120,91,31,412,40,40,46,5,116,0.0322234156820623,0.06,0.13,0.68,0.04,0.71,24.97,3.87,2.93,1.0,13.28,1.29,1.48,0.16,3.74,100.0,statsbomb,event-level,2015/2016,Premier League
4269,Aleksandar Mitrović,Newcastle United,2168,9,4,80,11.860970990000006,22,83,42,25,9,391,134,134,18,4,6,0.04151291512915129,0.37,0.17,3.32,0.49,0.91,3.45,1.74,1.04,0.37,16.23,5.56,0.75,0.17,0.25,100.0,statsbomb,event-level,2015/2016,Premier League
8061,Siem Stefan de Jong,Newcastle United,461,0,1,8,0.7520500019999999,1,41,7,15,2,108,11,11,4,0,2,0.19522776572668113,0.0,0.2,1.56,0.15,0.2,8.0,1.37,2.93,0.39,21.08,2.15,0.78,0.0,0.39,100.0,statsbomb,event-level,2015/2016,Premier League
9649,Jack Colback,Newcastle United,2422,1,1,16,1.021766656,17,385,51,92,43,591,44,44,14,0,24,0.037159372419488024,0.04,0.04,0.59,0.04,0.63,14.31,1.9,3.42,1.6,21.96,1.64,0.52,0.0,0.89,100.0,statsbomb,event-level,2015/2016,Premier League
16072,Vurnon Anita,Newcastle United,2137,1,3,8,0.285804582,9,485,53,80,39,534,23,23,13,1,16,0.04211511464670098,0.04,0.13,0.34,0.01,0.38,20.43,2.23,3.37,1.64,22.49,0.97,0.55,0.04,0.67,100.0,statsbomb,event-level,2015/2016,Premier League
26207,Fabricio Coloccini,Newcastle United,2294,1,0,10,1.049790611,3,358,73,45,30,295,57,57,7,1,3,0.03923278116826504,0.04,0.0,0.39,0.04,0.12,14.05,2.86,1.77,1.18,11.57,2.24,0.27,0.04,0.12,100.0,statsbomb,event-level,2015/2016,Premier League
30289,Papiss Demba Cissé,Newcastle United,1085,3,0,24,3.6073283896,10,55,11,12,3,192,41,41,16,0,6,0.08294930875576037,0.25,0.0,1.99,0.3,0.83,4.56,0.91,1.0,0.25,15.93,3.4,1.33,0.0,0.5,100.0,statsbomb,event-level,2015/2016,Premier League
3244,John Stones,Everton,2822,0,0,8,0.685919156,4,555,166,44,36,296,63,63,11,4,6,0.031892274982282066,0.0,0.0,0.26,0.02,0.13,17.7,5.29,1.4,1.15,9.44,2.01,0.35,0.13,0.19,100.0,statsbomb,event-level,2015/2016,Premier League
3278,Benik Afobe,AFC Bournemouth,939,4,0,14,1.9489329679999998,11,14,16,6,3,197,18,18,8,1,2,0.09584664536741214,0.38,0.0,1.34,0.19,1.05,1.34,1.53,0.58,0.29,18.88,1.73,0.77,0.1,0.19,100.0,statsbomb,event-level,2015/2016,Premier League
3289,Romelu Lukaku Menama,Everton,3241,18,6,116,18.15715817069999,43,183,86,17,3,305,126,126,46,12,28,0.02776920703486578,0.5,0.17,3.22,0.5,1.19,5.08,2.39,0.47,0.08,8.47,3.5,1.28,0.33,0.78,100.0,statsbomb,event-level,2015/2016,Premier League
3442,El-Hadji Baye Oumar Niasse,Everton,149,0,0,2,0.144330245,2,11,6,4,3,30,3,3,2,1,2,0.6040268456375839,0.0,0.0,1.21,0.09,1.21,6.64,3.62,2.42,1.81,18.12,1.81,1.21,0.6,1.21,100.0,statsbomb,event-level,2015/2016,Premier League
3476,Muhamed Bešić,Everton,562,0,0,4,0.192631854,4,80,22,26,9,138,7,7,11,3,3,0.1601423487544484,0.0,0.0,0.64,0.03,0.64,12.81,3.52,4.16,1.44,22.1,1.12,1.76,0.48,0.48,100.0,statsbomb,event-level,2015/2016,Premier League
3518,Leighton Baines,Everton,1512,2,1,8,1.1736909825,20,509,58,30,24,287,16,16,8,1,55,0.05952380952380952,0.12,0.06,0.48,0.07,1.19,30.3,3.45,1.79,1.43,17.08,0.95,0.48,0.06,3.27,100.0,statsbomb,event-level,2015/2016,Premier League
3607,James McCarthy,Everton,2478,2,2,17,1.017741553,14,268,55,82,34,573,20,20,9,3,9,0.03631961259079903,0.07,0.07,0.62,0.04,0.51,9.73,2.0,2.98,1.23,20.81,0.73,0.33,0.11,0.33,100.0,statsbomb,event-level,2015/2016,Premier League
3616,Callum Wilson,AFC Bournemouth,792,5,0,18,3.2849409889999994,8,13,31,6,2,146,9,9,11,1,4,0.11363636363636363,0.57,0.0,2.05,0.37,0.91,1.48,3.52,0.68,0.23,16.59,1.02,1.25,0.11,0.45,100.0,statsbomb,event-level,2015/2016,Premier League
3646,Marc Pugh,AFC Bournemouth,1365,3,2,22,2.6839683620000003,12,149,100,30,12,225,16,16,28,0,32,0.06593406593406594,0.2,0.13,1.45,0.18,0.79,9.82,6.59,1.98,0.79,14.84,1.05,1.85,0.0,2.11,100.0,statsbomb,event-level,2015/2016,Premier League
3683,Tom Cleverley,Everton,1643,2,4,24,1.4394102729999996,18,252,47,55,16,436,19,19,14,6,43,0.054777845404747415,0.11,0.22,1.31,0.08,0.99,13.8,2.57,3.01,0.88,23.88,1.04,0.77,0.33,2.36,100.0,statsbomb,event-level,2015/2016,Premier League
3953,Aaron Lennon,Everton,1554,5,0,18,1.9527292089999997,21,132,74,30,14,327,0,0,19,2,26,0.05791505791505792,0.29,0.0,1.04,0.11,1.22,7.64,4.29,1.74,0.81,18.94,0.0,1.1,0.12,1.51,,statsbomb,event-level,2015/2016,Premier League
4275,Ross Barkley,Everton,3132,8,8,95,7.684943470499998,54,472,236,35,11,421,37,37,94,25,36,0.028735632183908046,0.23,0.23,2.73,0.22,1.55,13.56,6.78,1.01,0.32,12.1,1.06,2.7,0.72,1.03,100.0,statsbomb,event-level,2015/2016,Premier League
4700,Matthew Pennington,Everton,303,0,0,2,0.12124941,0,56,9,4,5,22,12,12,1,1,1,0.297029702970297,0.0,0.0,0.59,0.04,0.0,16.63,2.67,1.19,1.49,6.53,3.56,0.3,0.3,0.3,100.0,statsbomb,event-level,2015/2016,Premier League
9593,Lewis Grabban,AFC Bournemouth,844,1,0,19,2.694718444,7,38,44,8,4,219,11,11,13,0,9,0.1066350710900474,0.11,0.0,2.03,0.29,0.75,4.05,4.69,0.85,0.43,23.35,1.17,1.39,0.0,0.96,100.0,statsbomb,event-level,2015/2016,Premier League
9626,Tommy Elphick,AFC Bournemouth,1015,1,0,5,0.43302065,1,176,15,14,16,63,43,43,0,0,0,0.08866995073891626,0.09,0.0,0.44,0.04,0.09,15.61,1.33,1.24,1.42,5.59,3.81,0.0,0.0,0.0,100.0,statsbomb,event-level,2015/2016,Premier League
13042,Tim Howard,Everton,2254,0,0,0,0.0,0,626,14,0,0,6,0,0,1,0,0,0.03992901508429459,0.0,0.0,0.0,0.0,0.0,25.0,0.56,0.0,0.0,0.24,0.0,0.04,0.0,0.0,,statsbomb,event-level,2015/2016,Premier League
20067,Darron Gibson,Everton,250,0,0,2,0.024389918,3,52,7,3,11,37,7,7,3,1,0,0.36,0.0,0.0,0.72,0.01,1.08,18.72,2.52,1.08,3.96,13.32,2.52,1.08,0.36,0.0,100.0,statsbomb,event-level,2015/2016,Premier League
22622,Kieran O''Neill Dowell,Everton,74,0,0,0,0.0,1,10,6,1,2,22,0,0,2,0,4,1.2162162162162162,0.0,0.0,0.0,0.0,1.22,12.16,7.3,1.22,2.43,26.76,0.0,2.43,0.0,4.86,,statsbomb,event-level,2015/2016,Premier League
129558,Tony Hibbert,Everton,43,0,0,1,0.060018376,0,8,1,0,3,7,0,0,0,0,0,2.0930232558139537,0.0,0.0,2.09,0.13,0.0,16.74,2.09,0.0,6.28,14.65,0.0,0.0,0.0,0.0,,statsbomb,event-level,2015/2016,Premier League
3263,Craig Cathcart,Watford,3025,1,0,6,0.5523564986,3,499,41,50,23,173,91,91,4,2,2,0.02975206611570248,0.03,0.0,0.18,0.02,0.09,14.85,1.22,1.49,0.68,5.15,2.71,0.12,0.06,0.06,100.0,statsbomb,event-level,2015/2016,Premier League
3277,Yohan Cabaye,Crystal Palace,2702,5,1,69,6.584582770599997,48,530,40,102,89,681,18,18,19,9,43,0.033308660251665435,0.17,0.03,2.3,0.22,1.6,17.65,1.33,3.4,2.96,22.68,0.6,0.63,0.3,1.43,100.0,statsbomb,event-level,2015/2016,Premier League
3302,Nordin Amrabat,Watford,515,0,0,7,0.34979980400000005,4,51,31,6,9,108,2,2,14,2,28,0.17475728155339806,0.0,0.0,1.22,0.06,0.7,8.91,5.42,1.05,1.57,18.87,0.35,2.45,0.35,4.89,100.0,statsbomb,event-level,2015/2016,Premier League
3306,Nathan Aké,Watford,1911,1,0,17,1.83155637,7,419,49,79,24,302,48,48,7,1,22,0.04709576138147567,0.05,0.0,0.8,0.09,0.33,19.73,2.31,3.72,1.13,14.22,2.26,0.33,0.05,1.04,100.0,statsbomb,event-level,2015/2016,Premier League
3309,Sebastian Prödl,Watford,1770,2,0,12,1.175452245,2,221,21,30,23,125,56,56,0,0,1,0.05084745762711865,0.1,0.0,0.61,0.06,0.1,11.24,1.07,1.53,1.17,6.36,2.85,0.0,0.0,0.05,100.0,statsbomb,event-level,2015/2016,Premier League
3326,Chung-Yong Lee,Crystal Palace,405,1,0,5,0.16562200800000001,6,53,22,14,7,102,4,4,12,0,9,0.2222222222222222,0.22,0.0,1.11,0.04,1.33,11.78,4.89,3.11,1.56,22.67,0.89,2.67,0.0,2.0,100.0,statsbomb,event-level,2015/2016,Premier League
3407,Scott Dann,Crystal Palace,3156,5,0,32,2.7130084553,8,524,79,32,38,213,156,156,8,1,2,0.028517110266159697,0.14,0.0,0.91,0.08,0.23,14.94,2.25,0.91,1.08,6.07,4.45,0.23,0.03,0.06,100.0,statsbomb,event-level,2015/2016,Premier League
3443,Joel Ward,Crystal Palace,2719,2,1,17,1.1574704390000001,13,545,66,66,47,430,70,70,17,1,44,0.03310040456050018,0.07,0.03,0.56,0.04,0.43,18.04,2.18,2.18,1.56,14.23,2.32,0.56,0.03,1.46,100.0,statsbomb,event-level,2015/2016,Premier League
3454,Troy Deeney,Watford,3387,13,7,94,12.085973285000001,49,423,60,44,8,609,304,304,29,24,30,0.026572187776793623,0.35,0.19,2.5,0.32,1.3,11.24,1.59,1.17,0.21,16.18,8.08,0.77,0.64,0.8,100.0,statsbomb,event-level,2015/2016,Premier League
3488,Wayne Hennessey,Crystal Palace,2574,0,0,0,0.0,0,766,35,0,0,3,2,2,0,0,0,0.03496503496503497,0.0,0.0,0.0,0.0,0.0,26.78,1.22,0.0,0.0,0.1,0.07,0.0,0.0,0.0,100.0,statsbomb,event-level,2015/2016,Premier League
3507,Wilfried Zaha,Crystal Palace,2518,2,1,33,2.4076369509999997,35,230,254,49,37,518,14,14,119,3,86,0.035742652899126294,0.07,0.04,1.18,0.09,1.25,8.22,9.08,1.75,1.32,18.51,0.5,4.25,0.11,3.07,100.0,statsbomb,event-level,2015/2016,Premier League
3522,Heurelho da Silva Gomes,Watford,3385,0,0,0,0.0,0,1054,51,0,0,7,0,0,0,0,0,0.026587887740029542,0.0,0.0,0.0,0.0,0.0,28.02,1.36,0.0,0.0,0.19,0.0,0.0,0.0,0.0,,statsbomb,event-level,2015/2016,Premier League
3626,Ben Watson,Watford,2897,1,0,16,0.5154302259999999,35,591,38,69,42,608,66,66,12,4,31,0.031066620642043494,0.03,0.0,0.5,0.02,1.09,18.36,1.18,2.14,1.3,18.89,2.05,0.37,0.12,0.96,100.0,statsbomb,event-level,2015/2016,Premier League
3693,Damien Delaney,Crystal Palace,2869,2,3,21,2.492365992,5,535,42,41,38,238,132,132,4,1,2,0.03136981526664343,0.06,0.09,0.66,0.08,0.16,16.78,1.32,1.29,1.19,7.47,4.14,0.13,0.03,0.06,100.0,statsbomb,event-level,2015/2016,Premier League
3721,Etienne Capoue,Watford,2870,0,1,35,2.7560736758999997,22,456,87,95,61,629,44,44,54,7,20,0.0313588850174216,0.0,0.03,1.1,0.09,0.69,14.3,2.73,2.98,1.91,19.72,1.38,1.69,0.22,0.63,100.0,statsbomb,event-level,2015/2016,Premier League
3991,Allan Romeo Nyom,Watford,2483,0,1,7,0.33933418270000004,7,593,82,95,31,342,18,18,22,4,58,0.03624647603705195,0.0,0.04,0.25,0.01,0.25,21.49,2.97,3.44,1.12,12.4,0.65,0.8,0.14,2.1,100.0,statsbomb,event-level,2015/2016,Premier League
4884,Pape N''Diaye Souaré,Crystal Palace,3057,0,1,11,0.44084442079999997,26,750,97,32,60,276,34,34,29,4,93,0.029440628066732092,0.0,0.03,0.32,0.01,0.77,22.08,2.86,0.94,1.77,8.13,1.0,0.85,0.12,2.74,100.0,statsbomb,event-level,2015/2016,Premier League
5458,Odion Jude Ighalo,Watford,3230,15,2,111,16.919277522399998,31,65,77,27,18,498,24,24,53,3,10,0.02786377708978328,0.42,0.06,3.09,0.47,0.86,1.81,2.15,0.75,0.5,13.88,0.67,1.48,0.08,0.28,100.0,statsbomb,event-level,2015/2016,Premier League
5489,Mile Jedinak,Crystal Palace,1570,0,0,14,0.904806273,9,287,19,55,41,394,121,121,5,3,8,0.05732484076433121,0.0,0.0,0.8,0.05,0.52,16.45,1.09,3.15,2.35,22.59,6.94,0.29,0.17,0.46,100.0,statsbomb,event-level,2015/2016,Premier League
5540,Valon Behrami,Watford,1294,0,1,1,0.019907001,4,127,28,64,24,434,18,18,3,2,1,0.0695517774343122,0.0,0.07,0.07,0.0,0.28,8.83,1.95,4.45,1.67,30.19,1.25,0.21,0.14,0.07,100.0,statsbomb,event-level,2015/2016,Premier League
9641,Fraizer Campbell,Crystal Palace,367,0,0,4,0.5991128099999999,1,11,9,3,4,85,10,10,2,0,1,0.2452316076294278,0.0,0.0,0.98,0.15,0.25,2.7,2.21,0.74,0.98,20.84,2.45,0.49,0.0,0.25,100.0,statsbomb,event-level,2015/2016,Premier League
15892,Jordon Mutch,Crystal Palace,835,0,0,16,1.1795702252,7,106,37,24,11,207,17,17,12,3,21,0.10778443113772455,0.0,0.0,1.72,0.13,0.75,11.43,3.99,2.59,1.19,22.31,1.83,1.29,0.32,2.26,100.0,statsbomb,event-level,2015/2016,Premier League
20641,Connor Wickham,Crystal Palace,1346,5,3,35,4.750864302999999,10,98,18,17,1,258,88,88,17,0,18,0.06686478454680535,0.33,0.2,2.34,0.32,0.67,6.55,1.2,1.14,0.07,17.25,5.88,1.14,0.0,1.2,100.0,statsbomb,event-level,2015/2016,Premier League
23488,Mario Suárez Mata,Watford,755,0,0,9,0.4204956550000001,6,110,24,12,20,137,16,16,8,4,2,0.11920529801324503,0.0,0.0,1.07,0.05,0.72,13.11,2.86,1.43,2.38,16.33,1.91,0.95,0.48,0.24,100.0,statsbomb,event-level,2015/2016,Premier League
26699,Emmanuel Adebayor,Crystal Palace,638,1,1,12,2.1397924850000005,7,22,18,0,4,121,28,28,6,0,3,0.14106583072100312,0.14,0.14,1.69,0.3,0.99,3.1,2.54,0.0,0.56,17.07,3.95,0.85,0.0,0.42,100.0,statsbomb,event-level,2015/2016,Premier League
43081,Almen Abdi,Watford,1993,2,0,39,2.3587584059999998,30,250,44,85,20,504,36,36,15,6,25,0.04515805318615153,0.09,0.0,1.76,0.11,1.35,11.29,1.99,3.84,0.9,22.76,1.63,0.68,0.27,1.13,100.0,statsbomb,event-level,2015/2016,Premier League
3388,Jack Wilshere,Arsenal,145,0,0,1,0.3143006,0,18,13,3,0,33,2,2,5,1,0,0.6206896551724138,0.0,0.0,0.62,0.2,0.0,11.17,8.07,1.86,0.0,20.48,1.24,3.1,0.62,0.0,100.0,statsbomb,event-level,2015/2016,Premier League
3568,Mohamed Naser Elsayed Elneny,Arsenal,806,0,1,13,0.9750984220000001,2,166,34,9,15,167,4,4,4,1,3,0.11166253101736973,0.0,0.11,1.45,0.11,0.22,18.54,3.8,1.0,1.67,18.65,0.45,0.45,0.11,0.33,100.0,statsbomb,event-level,2015/2016,Premier League
18672,Mark Bunn,Aston Villa,909,0,0,0,0.0,0,248,13,0,1,2,0,0,0,0,0,0.09900990099009901,0.0,0.0,0.0,0.0,0.0,24.55,1.29,0.0,0.1,0.2,0.0,0.0,0.0,0.0,,statsbomb,event-level,2015/2016,Premier League
20951,Jordan Lyden,Aston Villa,152,0,0,1,0.07523298,1,22,1,4,4,33,3,3,1,0,2,0.5921052631578947,0.0,0.0,0.59,0.04,0.59,13.03,0.59,2.37,2.37,19.54,1.78,0.59,0.0,1.18,100.0,statsbomb,event-level,2015/2016,Premier League
27146,Aly Cissokho,Aston Villa,1617,0,0,4,0.0875349715,9,386,63,29,28,207,36,36,6,2,65,0.055658627087198514,0.0,0.0,0.22,0.0,0.5,21.48,3.51,1.61,1.56,11.52,2.0,0.33,0.11,3.62,100.0,statsbomb,event-level,2015/2016,Premier League
42700,Micah Richards,Aston Villa,2063,1,1,14,1.712012016,6,284,97,43,28,198,86,86,22,2,2,0.043625787687833255,0.04,0.04,0.61,0.07,0.26,12.39,4.23,1.88,1.22,8.64,3.75,0.96,0.09,0.09,100.0,statsbomb,event-level,2015/2016,Premier League
42703,Mikel Arteta Amatriain,Arsenal,169,0,0,1,0.37236434,1,28,3,7,3,38,10,10,1,1,0,0.5325443786982249,0.0,0.0,0.53,0.2,0.53,14.91,1.6,3.73,1.6,20.24,5.33,0.53,0.53,0.0,100.0,statsbomb,event-level,2015/2016,Premier League
75899,Kevin Toner,Aston Villa,315,0,1,2,0.114883628,0,62,4,11,4,52,12,12,0,0,2,0.2857142857142857,0.0,0.29,0.57,0.03,0.0,17.71,1.14,3.14,1.14,14.86,3.43,0.0,0.0,0.57,100.0,statsbomb,event-level,2015/2016,Premier League
3479,Sam Field,West Bromwich Albion,3,0,0,0,0.0,0,0,0,0,0,0,0,0,0,0,0,30.0,0.0,0.0,0.0,0.0,0.0,0.0,0.0,0.0,0.0,0.0,0.0,0.0,0.0,0.0,,statsbomb,event-level,2015/2016,Premier League
3654,Daniel William John Ings,Liverpool,349,2,0,10,1.359236949,5,24,7,1,2,40,3,3,3,1,1,0.25787965616045844,0.52,0.0,2.58,0.35,1.29,6.19,1.81,0.26,0.52,10.32,0.77,0.77,0.26,0.26,100.0,statsbomb,event-level,2015/2016,Premier League
4053,Ben Foster,West Bromwich Albion,1344,0,0,0,0.0,0,392,22,0,0,4,0,0,0,0,0,0.06696428571428571,0.0,0.0,0.0,0.0,0.0,26.25,1.47,0.0,0.0,0.27,0.0,0.0,0.0,0.0,,statsbomb,event-level,2015/2016,Premier League
4129,Tyler Roberts,West Bromwich Albion,18,0,0,1,0.6280385,0,2,1,0,0,6,0,0,2,0,0,5.0,0.0,0.0,5.0,3.14,0.0,10.0,5.0,0.0,0.0,30.0,0.0,10.0,0.0,0.0,,statsbomb,event-level,2015/2016,Premier League
4243,Cameron Brannagan,Liverpool,117,0,0,1,0.08262946,1,17,5,5,2,50,2,2,2,0,4,0.7692307692307693,0.0,0.0,0.77,0.06,0.77,13.08,3.85,3.85,1.54,38.46,1.54,1.54,0.0,3.08,100.0,statsbomb,event-level,2015/2016,Premier League
4762,Sergi Canós Tenes,Liverpool,8,0,0,0,0.0,0,0,0,1,0,2,1,1,0,0,0,11.25,0.0,0.0,0.0,0.0,0.0,0.0,0.0,11.25,0.0,22.5,11.25,0.0,0.0,0.0,100.0,statsbomb,event-level,2015/2016,Premier League
9628,James Grant Chester,West Bromwich Albion,959,0,0,0,0.0,4,204,9,37,15,159,28,28,4,1,12,0.09384775808133472,0.0,0.0,0.0,0.0,0.38,19.14,0.84,3.47,1.41,14.92,2.63,0.38,0.09,1.13,100.0,statsbomb,event-level,2015/2016,Premier League
9985,Ádám Bogdán,Liverpool,173,0,0,0,0.0,0,41,0,0,0,0,0,0,0,0,0,0.5202312138728323,0.0,0.0,0.0,0.0,0.0,21.33,0.0,0.0,0.0,0.0,0.0,0.0,0.0,0.0,,statsbomb,event-level,2015/2016,Premier League
10007,Jon Flanagan,Liverpool,429,0,1,0,0.0,1,100,9,12,8,84,8,8,2,1,4,0.2097902097902098,0.0,0.21,0.0,0.0,0.21,20.98,1.89,2.52,1.68,17.62,1.68,0.42,0.21,0.84,100.0,statsbomb,event-level,2015/2016,Premier League
10931,Joe Allen,Liverpool,753,2,1,12,2.1233271179999997,12,102,27,26,19,213,7,7,9,3,9,0.11952191235059761,0.24,0.12,1.43,0.25,1.43,12.19,3.23,3.11,2.27,25.46,0.84,1.08,0.36,1.08,100.0,statsbomb,event-level,2015/2016,Premier League
11992,Kevin Linford Stewart,Liverpool,572,0,0,5,0.22761357999999998,3,92,24,21,24,153,8,8,7,1,0,0.15734265734265734,0.0,0.0,0.79,0.04,0.47,14.48,3.78,3.3,3.78,24.07,1.26,1.1,0.16,0.0,100.0,statsbomb,event-level,2015/2016,Premier League
13200,Oluwaseyi Babajide Ojo,Liverpool,403,0,2,5,0.3465609515,8,34,44,9,4,118,2,2,12,0,9,0.22332506203473945,0.0,0.45,1.12,0.08,1.79,7.59,9.83,2.01,0.89,26.35,0.45,2.68,0.0,2.01,100.0,statsbomb,event-level,2015/2016,Premier League
13448,Bradley Shaun Smith,Liverpool,283,0,0,1,0.026966754,2,47,18,10,8,74,4,4,2,0,10,0.31802120141342755,0.0,0.0,0.32,0.01,0.64,14.95,5.72,3.18,2.54,23.53,1.27,0.64,0.0,3.18,100.0,statsbomb,event-level,2015/2016,Premier League
20527,Jonas Olsson,West Bromwich Albion,2015,1,1,6,1.06203607,3,306,12,18,18,159,81,81,2,3,0,0.04466501240694789,0.04,0.04,0.27,0.05,0.13,13.67,0.54,0.8,0.8,7.1,3.62,0.09,0.13,0.0,100.0,statsbomb,event-level,2015/2016,Premier League
22702,Jonathan Leko,West Bromwich Albion,273,0,1,0,0.0,1,14,17,11,4,69,1,1,12,0,3,0.32967032967032966,0.0,0.33,0.0,0.0,0.33,4.62,5.6,3.63,1.32,22.75,0.33,3.96,0.0,0.99,100.0,statsbomb,event-level,2015/2016,Premier League
3037,Mousa Sidi Yaya Dembélé,Tottenham Hotspur,2300,3,1,22,1.7568571145000005,25,250,154,107,39,578,37,37,81,3,5,0.0391304347826087,0.12,0.04,0.86,0.07,0.98,9.78,6.03,4.19,1.53,22.62,1.45,3.17,0.12,0.2,100.0,statsbomb,event-level,2015/2016,Premier League
3043,Christian Dannemann Eriksen,Tottenham Hotspur,2988,6,12,99,5.1098074079,95,649,158,52,30,564,29,29,39,23,74,0.030120481927710843,0.18,0.36,2.98,0.15,2.86,19.55,4.76,1.57,0.9,16.99,0.87,1.17,0.69,2.23,100.0,statsbomb,event-level,2015/2016,Premier League
3094,Bamidele Alli,Tottenham Hotspur,2489,10,8,73,8.398463296300003,47,272,131,64,32,689,44,44,42,17,17,0.03615910004017678,0.36,0.29,2.64,0.3,1.7,9.84,4.74,2.31,1.16,24.91,1.59,1.52,0.61,0.61,100.0,statsbomb,event-level,2015/2016,Premier League
3099,Hugo Lloris,Tottenham Hotspur,3338,0,0,0,0.0,3,936,55,0,0,1,0,0,0,1,0,0.02696225284601558,0.0,0.0,0.0,0.0,0.08,25.24,1.48,0.0,0.0,0.03,0.0,0.0,0.03,0.0,,statsbomb,event-level,2015/2016,Premier League
3205,Kyle Walker,Tottenham Hotspur,3001,1,2,20,0.9033615969999998,32,771,133,89,65,487,59,59,20,4,64,0.02999000333222259,0.03,0.06,0.6,0.03,0.96,23.12,3.99,2.67,1.95,14.61,1.77,0.6,0.12,1.92,100.0,statsbomb,event-level,2015/2016,Premier League
3310,Tom Carroll,Tottenham Hotspur,534,1,0,5,0.21201357599999998,8,110,12,19,6,161,6,6,4,0,10,0.16853932584269662,0.17,0.0,0.84,0.04,1.35,18.54,2.02,3.2,1.01,27.13,1.01,0.67,0.0,1.69,100.0,statsbomb,event-level,2015/2016,Premier League
3585,Erik Lamela,Tottenham Hotspur,2395,5,8,59,5.872297199299999,64,299,127,75,18,647,26,26,36,14,36,0.037578288100208766,0.19,0.3,2.22,0.22,2.41,11.24,4.77,2.82,0.68,24.31,0.98,1.35,0.53,1.35,100.0,statsbomb,event-level,2015/2016,Premier League
3594,Danny Rose,Tottenham Hotspur,2167,1,3,26,0.8995505093,20,601,99,70,32,299,33,33,27,3,56,0.04153207198892478,0.04,0.12,1.08,0.04,0.83,24.96,4.11,2.91,1.33,12.42,1.37,1.12,0.12,2.33,100.0,statsbomb,event-level,2015/2016,Premier League
3611,Kevin Wimmer,Tottenham Hotspur,808,0,0,1,0.09628442,1,177,16,8,18,51,25,25,0,0,0,0.11138613861386139,0.0,0.0,0.11,0.01,0.11,19.72,1.78,0.89,2.0,5.68,2.78,0.0,0.0,0.0,100.0,statsbomb,event-level,2015/2016,Premier League
4416,Max-Alain Gradel,AFC Bournemouth,889,1,2,18,1.5043037857,8,97,56,25,12,214,9,9,20,1,27,0.10123734533183353,0.1,0.2,1.82,0.15,0.81,9.82,5.67,2.53,1.21,21.66,0.91,2.02,0.1,2.73,100.0,statsbomb,event-level,2015/2016,Premier League
4831,Nacer Chadli,Tottenham Hotspur,972,3,2,26,2.5992438728,19,71,48,12,7,172,24,24,13,2,11,0.09259259259259259,0.28,0.19,2.41,0.24,1.76,6.57,4.44,1.11,0.65,15.93,2.22,1.2,0.19,1.02,100.0,statsbomb,event-level,2015/2016,Premier League
10955,Harry Kane,Tottenham Hotspur,3435,25,1,158,21.635490750800024,39,243,113,32,12,491,96,96,56,14,39,0.026200873362445413,0.66,0.03,4.14,0.57,1.02,6.37,2.96,0.84,0.31,12.86,2.52,1.47,0.37,1.02,100.0,statsbomb,event-level,2015/2016,Premier League
10956,Eric Dier,Tottenham Hotspur,3295,3,2,30,2.058710326,19,614,112,81,43,602,106,106,9,8,14,0.027314112291350532,0.08,0.05,0.82,0.06,0.52,16.77,3.06,2.21,1.17,16.44,2.9,0.25,0.22,0.38,100.0,statsbomb,event-level,2015/2016,Premier League
13248,Eunan O''Kane,AFC Bournemouth,784,0,1,8,0.6015456340000002,4,113,15,7,7,132,4,4,10,1,2,0.11479591836734694,0.0,0.11,0.92,0.07,0.46,12.97,1.72,0.8,0.8,15.15,0.46,1.15,0.11,0.23,100.0,statsbomb,event-level,2015/2016,Premier League
20005,Toby Alderweireld,Tottenham Hotspur,3464,4,2,41,3.1840854048,7,840,169,40,46,237,89,89,7,11,14,0.025981524249422634,0.1,0.05,1.07,0.08,0.18,21.82,4.39,1.04,1.2,6.16,2.31,0.18,0.29,0.36,100.0,statsbomb,event-level,2015/2016,Premier League
40127,Ryan Mason,Tottenham Hotspur,820,1,0,19,2.7420546949999998,12,143,24,27,4,168,17,17,9,4,11,0.10975609756097561,0.11,0.0,2.09,0.3,1.32,15.7,2.63,2.96,0.44,18.44,1.87,0.99,0.44,1.21,100.0,statsbomb,event-level,2015/2016,Premier League
3665,Andrew Philip King,Leicester City,1118,2,1,19,2.099677588,8,135,14,19,9,189,22,22,5,2,7,0.08050089445438283,0.16,0.08,1.53,0.17,0.64,10.87,1.13,1.53,0.72,15.21,1.77,0.4,0.16,0.56,100.0,statsbomb,event-level,2015/2016,Premier League
3708,Kelechi Promise Iheanacho,Manchester City,793,8,1,29,5.051744737999999,12,50,28,16,4,162,19,19,15,1,10,0.11349306431273644,0.91,0.11,3.29,0.57,1.36,5.67,3.18,1.82,0.45,18.39,2.16,1.7,0.11,1.13,100.0,statsbomb,event-level,2015/2016,Premier League
20230,Gökhan İnler,Leicester City,197,0,0,2,0.038327533,1,31,4,7,2,49,6,6,2,0,0,0.45685279187817257,0.0,0.0,0.91,0.02,0.46,14.16,1.83,3.2,0.91,22.39,2.74,0.91,0.0,0.0,100.0,statsbomb,event-level,2015/2016,Premier League
3092,Dwight Gayle,Crystal Palace,780,3,0,22,3.1051400100000004,7,35,14,11,3,158,30,30,3,0,7,0.11538461538461539,0.35,0.0,2.54,0.36,0.81,4.04,1.62,1.27,0.35,18.23,3.46,0.35,0.0,0.81,100.0,statsbomb,event-level,2015/2016,Premier League
3469,Bakary Sako,Crystal Palace,1066,2,1,35,2.1215525987000006,8,134,77,20,9,180,18,18,21,1,29,0.08442776735459662,0.17,0.08,2.95,0.18,0.68,11.31,6.5,1.69,0.76,15.2,1.52,1.77,0.08,2.45,100.0,statsbomb,event-level,2015/2016,Premier League
3589,Yannick Bolasie Yala,Crystal Palace,2115,5,3,58,4.3318376392,23,213,158,26,10,281,35,35,73,3,109,0.0425531914893617,0.21,0.13,2.47,0.18,0.98,9.06,6.72,1.11,0.43,11.96,1.49,3.11,0.13,4.64,100.0,statsbomb,event-level,2015/2016,Premier League
3633,Gareth Barry,Everton,2902,0,0,17,1.0755212150000002,33,768,132,103,39,659,81,81,19,9,20,0.031013094417643005,0.0,0.0,0.53,0.03,1.02,23.82,4.09,3.19,1.21,20.44,2.51,0.59,0.28,0.62,100.0,statsbomb,event-level,2015/2016,Premier League
4317,Kevin Mirallas,Everton,1034,4,2,41,3.215618413000001,14,120,59,15,17,151,4,4,21,1,24,0.08704061895551257,0.35,0.17,3.57,0.28,1.22,10.44,5.14,1.31,1.48,13.14,0.35,1.83,0.09,2.09,100.0,statsbomb,event-level,2015/2016,Premier League
4589,Séamus Coleman,Everton,2416,1,2,26,1.7228314895,13,499,180,65,36,333,21,21,41,2,72,0.037251655629139076,0.04,0.07,0.97,0.06,0.48,18.59,6.71,2.42,1.34,12.4,0.78,1.53,0.07,2.68,100.0,statsbomb,event-level,2015/2016,Premier League
4629,José Ramiro Funes Mori,Everton,2238,4,0,24,2.0404576734,5,486,178,42,53,214,89,89,5,2,3,0.040214477211796246,0.16,0.0,0.97,0.08,0.2,19.54,7.16,1.69,2.13,8.61,3.58,0.2,0.08,0.12,100.0,statsbomb,event-level,2015/2016,Premier League
5836,Bryan Oviedo,Everton,1017,0,1,5,0.2923534635,11,224,44,38,31,160,3,3,6,1,21,0.08849557522123894,0.0,0.09,0.44,0.03,0.97,19.82,3.89,3.36,2.74,14.16,0.27,0.53,0.09,1.86,100.0,statsbomb,event-level,2015/2016,Premier League
16309,Joel Robles Blázquez,Everton,1184,0,0,0,0.0,0,402,16,0,0,2,0,0,1,0,0,0.07601351351351351,0.0,0.0,0.0,0.0,0.0,30.56,1.22,0.0,0.0,0.15,0.0,0.08,0.0,0.0,,statsbomb,event-level,2015/2016,Premier League
19688,Jason Puncheon,Crystal Palace,2647,2,3,53,3.5759572955000003,54,480,127,57,19,576,22,22,52,7,54,0.03400075557234605,0.07,0.1,1.8,0.12,1.84,16.32,4.32,1.94,0.65,19.58,0.75,1.77,0.24,1.84,100.0,statsbomb,event-level,2015/2016,Premier League
26696,Arouna Koné,Everton,1480,5,3,37,4.593095740000002,9,107,67,29,10,180,28,28,33,2,9,0.060810810810810814,0.3,0.18,2.25,0.28,0.55,6.51,4.07,1.76,0.61,10.95,1.7,2.01,0.12,0.55,100.0,statsbomb,event-level,2015/2016,Premier League
3286,Nathan Redmond,Norwich City,2409,6,3,53,2.6832608084000005,37,326,183,40,17,430,17,17,61,15,73,0.037359900373599,0.22,0.11,1.98,0.1,1.38,12.18,6.84,1.49,0.64,16.06,0.64,2.28,0.56,2.73,100.0,statsbomb,event-level,2015/2016,Premier League
3520,Jeffrey Schlupp,Leicester City,1423,1,2,25,2.136310598,15,213,95,47,13,195,28,28,31,2,34,0.06324666198172874,0.06,0.13,1.58,0.14,0.95,13.47,6.01,2.97,0.82,12.33,1.77,1.96,0.13,2.15,100.0,statsbomb,event-level,2015/2016,Premier League
3709,Daniel Amartey,Leicester City,108,0,0,1,0.40846357,1,26,3,1,3,16,2,2,1,0,0,0.8333333333333334,0.0,0.0,0.83,0.34,0.83,21.67,2.5,0.83,2.5,13.33,1.67,0.83,0.0,0.0,100.0,statsbomb,event-level,2015/2016,Premier League
4807,Cameron Jerome,Norwich City,1791,3,2,49,7.300334360999999,6,75,33,14,4,225,112,112,15,4,13,0.05025125628140704,0.15,0.1,2.46,0.37,0.3,3.77,1.66,0.7,0.2,11.31,5.63,0.75,0.2,0.65,100.0,statsbomb,event-level,2015/2016,Premier League
9461,Timm Klose,Norwich City,862,1,0,4,0.47455927,0,146,28,18,26,79,54,54,1,2,0,0.10440835266821345,0.1,0.0,0.42,0.05,0.0,15.24,2.92,1.88,2.71,8.25,5.64,0.1,0.21,0.0,100.0,statsbomb,event-level,2015/2016,Premier League
9463,Alexander Banor Tettey,Norwich City,1978,2,0,20,0.8520836592000003,6,244,75,51,16,355,40,40,19,1,1,0.0455005055611729,0.09,0.0,0.91,0.04,0.27,11.1,3.41,2.32,0.73,16.15,1.82,0.86,0.05,0.05,100.0,statsbomb,event-level,2015/2016,Premier League
9528,Steven Naismith,Norwich City,1336,4,1,26,3.2095645929999996,18,105,36,25,14,296,32,32,11,7,9,0.06736526946107785,0.27,0.07,1.75,0.22,1.21,7.07,2.43,1.68,0.94,19.94,2.16,0.74,0.47,0.61,100.0,statsbomb,event-level,2015/2016,Premier League
9578,Jonathan Howson,Norwich City,3004,3,4,35,2.3553651122,27,399,117,82,38,651,45,45,33,4,27,0.02996005326231691,0.09,0.12,1.05,0.07,0.81,11.95,3.51,2.46,1.14,19.5,1.35,0.99,0.12,0.81,100.0,statsbomb,event-level,2015/2016,Premier League
9930,Ryan Bennett,Norwich City,1853,0,0,9,0.8294824140000001,4,292,19,23,22,120,79,79,1,1,0,0.048569886670264434,0.0,0.0,0.44,0.04,0.19,14.18,0.92,1.12,1.07,5.83,3.84,0.05,0.05,0.0,100.0,statsbomb,event-level,2015/2016,Premier League
10457,Patrick Bamford,Crystal Palace,383,0,0,10,1.042446711,2,11,6,3,3,78,12,12,2,1,4,0.2349869451697128,0.0,0.0,2.35,0.24,0.47,2.58,1.41,0.7,0.7,18.33,2.82,0.47,0.23,0.94,100.0,statsbomb,event-level,2015/2016,Premier League
10499,Ivo Daniel Ferreira Mendonca Pinto,Norwich City,825,0,0,0,0.0,2,223,39,18,17,146,10,10,11,0,24,0.10909090909090909,0.0,0.0,0.0,0.0,0.22,24.33,4.25,1.96,1.85,15.93,1.09,1.2,0.0,2.62,100.0,statsbomb,event-level,2015/2016,Premier League
10967,Robert Brady,Norwich City,3046,3,2,54,3.1116774991000002,51,742,195,95,45,530,60,60,48,10,114,0.02954694681549573,0.09,0.06,1.6,0.09,1.51,21.92,5.76,2.81,1.33,15.66,1.77,1.42,0.3,3.37,100.0,statsbomb,event-level,2015/2016,Premier League
21212,Russell Martin,Norwich City,2733,3,0,19,1.6694203539999997,9,661,93,40,35,209,78,78,1,2,22,0.03293084522502744,0.1,0.0,0.63,0.05,0.3,21.77,3.06,1.32,1.15,6.88,2.57,0.03,0.07,0.72,100.0,statsbomb,event-level,2015/2016,Premier League
22594,Matt Jarvis,West Ham United,1109,1,1,10,0.9920318610000001,14,118,47,13,9,167,10,10,9,1,51,0.0811541929666366,0.08,0.08,0.81,0.08,1.14,9.58,3.81,1.06,0.73,13.55,0.81,0.73,0.08,4.14,100.0,statsbomb,event-level,2015/2016,Premier League
23635,John Ruddy,Norwich City,2433,0,0,0,0.0,0,816,44,0,0,6,0,0,1,1,0,0.036991368680641186,0.0,0.0,0.0,0.0,0.0,30.18,1.63,0.0,0.0,0.22,0.0,0.04,0.04,0.0,,statsbomb,event-level,2015/2016,Premier League
23663,Dieumerci Mbokani Bezua,Norwich City,1648,7,1,37,6.0242896550000005,21,101,31,17,5,158,135,135,25,4,9,0.05461165048543689,0.38,0.05,2.02,0.33,1.15,5.52,1.69,0.93,0.27,8.63,7.37,1.37,0.22,0.49,100.0,statsbomb,event-level,2015/2016,Premier League
3196,Wahbi Khazri,Sunderland,1081,2,1,25,0.7885470372999998,30,177,62,34,18,288,9,9,17,3,27,0.08325624421831637,0.17,0.08,2.08,0.07,2.5,14.74,5.16,2.83,1.5,23.98,0.75,1.42,0.25,2.25,100.0,statsbomb,event-level,2015/2016,Premier League
3448,Martin Kelly,Crystal Palace,1061,0,0,1,0.019187449,3,231,20,35,12,143,20,20,4,1,13,0.08482563619227144,0.0,0.0,0.08,0.0,0.25,19.59,1.7,2.97,1.02,12.13,1.7,0.34,0.08,1.1,100.0,statsbomb,event-level,2015/2016,Premier League
4817,Joe Ledley,Crystal Palace,977,1,0,7,0.355989402,3,83,8,20,19,209,19,19,4,2,1,0.09211873080859775,0.09,0.0,0.64,0.03,0.28,7.65,0.74,1.84,1.75,19.25,1.75,0.37,0.18,0.09,100.0,statsbomb,event-level,2015/2016,Premier League
9539,Vito Mannone,Sunderland,1713,0,0,0,0.0,0,599,36,0,0,2,0,0,0,0,0,0.05253940455341506,0.0,0.0,0.0,0.0,0.0,31.47,1.89,0.0,0.0,0.11,0.0,0.0,0.0,0.0,,statsbomb,event-level,2015/2016,Premier League
13286,Lamine Koné,Sunderland,1331,2,1,10,1.6360862857,2,209,39,25,42,135,67,67,4,1,2,0.067618332081142,0.14,0.07,0.68,0.11,0.14,14.13,2.64,1.69,2.84,9.13,4.53,0.27,0.07,0.14,100.0,statsbomb,event-level,2015/2016,Premier League
13846,Jan Kirchhoff,Sunderland,1072,0,0,9,1.0021134550000002,13,220,62,49,36,258,61,61,14,4,3,0.08395522388059702,0.0,0.0,0.76,0.08,1.09,18.47,5.21,4.11,3.02,21.66,5.12,1.18,0.34,0.25,100.0,statsbomb,event-level,2015/2016,Premier League
16295,Dame N''Doye,Sunderland,600,1,0,11,0.7051310829999998,3,46,23,15,6,105,31,31,5,3,4,0.15,0.15,0.0,1.65,0.11,0.45,6.9,3.45,2.25,0.9,15.75,4.65,0.75,0.45,0.6,100.0,statsbomb,event-level,2015/2016,Premier League
3576,Martin Olsson,Norwich City,1801,1,2,7,0.213022623,6,334,49,35,28,202,40,40,6,1,50,0.04997223764575236,0.05,0.1,0.35,0.01,0.3,16.69,2.45,1.75,1.4,10.09,2.0,0.3,0.05,2.5,100.0,statsbomb,event-level,2015/2016,Premier League
3656,Alex Pritchard,West Bromwich Albion,80,0,0,2,0.093362677,0,8,4,2,2,18,0,0,3,0,0,1.125,0.0,0.0,2.25,0.11,0.0,9.0,4.5,2.25,2.25,20.25,0.0,3.38,0.0,0.0,,statsbomb,event-level,2015/2016,Premier League
9452,Gary O''Neil,Norwich City,1810,0,0,11,0.685513635,8,323,38,57,31,385,34,34,22,3,16,0.049723756906077346,0.0,0.0,0.55,0.03,0.4,16.06,1.89,2.83,1.54,19.14,1.69,1.09,0.15,0.8,100.0,statsbomb,event-level,2015/2016,Premier League
23742,Vadis Odjidja-Ofoe,Norwich City,294,0,2,3,0.160835927,7,38,20,9,2,95,8,8,9,0,9,0.30612244897959184,0.0,0.61,0.92,0.05,2.14,11.63,6.12,2.76,0.61,29.08,2.45,2.76,0.0,2.76,100.0,statsbomb,event-level,2015/2016,Premier League
31296,Sébastien Aymar Bassong Nguena,Norwich City,2835,1,0,20,1.8467606960000003,2,390,93,28,24,250,145,145,12,1,3,0.031746031746031744,0.03,0.0,0.63,0.06,0.06,12.38,2.95,0.89,0.76,7.94,4.6,0.38,0.03,0.1,100.0,statsbomb,event-level,2015/2016,Premier League
9630,Andre Green,Aston Villa,63,0,0,1,0.052052636,2,15,9,2,2,16,0,0,3,0,6,1.4285714285714286,0.0,0.0,1.43,0.07,2.86,21.43,12.86,2.86,2.86,22.86,0.0,4.29,0.0,8.57,,statsbomb,event-level,2015/2016,Premier League
2956,Bertrand Isidore Traoré,Chelsea,385,2,1,17,1.6131101399999996,4,21,6,11,3,92,5,5,10,1,4,0.23376623376623376,0.47,0.23,3.97,0.38,0.94,4.91,1.4,2.57,0.7,21.51,1.17,2.34,0.23,0.94,100.0,statsbomb,event-level,2015/2016,Premier League
3440,Tammy Bakumo-Abraham,Chelsea,56,0,0,2,0.171009287,0,3,2,0,0,14,4,4,1,1,2,1.6071428571428572,0.0,0.0,3.21,0.27,0.0,4.82,3.21,0.0,0.0,22.5,6.43,1.61,1.61,3.21,100.0,statsbomb,event-level,2015/2016,Premier League
3472,Willian Borges da Silva,Chelsea,2777,5,7,59,3.7275560463999997,76,570,269,48,22,484,6,6,70,12,99,0.03240907454087144,0.16,0.23,1.91,0.12,2.46,18.47,8.72,1.56,0.71,15.69,0.19,2.27,0.39,3.21,100.0,statsbomb,event-level,2015/2016,Premier League
3504,Ruben Loftus-Cheek,Chelsea,429,1,0,14,1.3690498810000002,4,34,30,13,5,128,10,10,9,0,1,0.2097902097902098,0.21,0.0,2.94,0.29,0.84,7.13,6.29,2.73,1.05,26.85,2.1,1.89,0.0,0.21,100.0,statsbomb,event-level,2015/2016,Premier League
3666,Robert Kenedy Nunes do Nascimento,Chelsea,587,1,0,13,0.42822458199999996,5,91,42,16,12,102,4,4,22,1,10,0.15332197614991483,0.15,0.0,1.99,0.07,0.77,13.95,6.44,2.45,1.84,15.64,0.61,3.37,0.15,1.53,100.0,statsbomb,event-level,2015/2016,Premier League
12325,Abdul Rahman Baba,Chelsea,1037,0,1,6,0.36923715599999996,2,196,32,48,25,235,16,16,9,1,23,0.08678881388621022,0.0,0.09,0.52,0.03,0.17,17.01,2.78,4.17,2.17,20.4,1.39,0.78,0.09,2.0,100.0,statsbomb,event-level,2015/2016,Premier League
3483,Mamadou Sakho,Liverpool,1899,1,0,6,0.9238965270000001,4,508,79,34,32,125,113,113,3,0,0,0.04739336492890995,0.05,0.0,0.28,0.04,0.19,24.08,3.74,1.61,1.52,5.92,5.36,0.14,0.0,0.0,100.0,statsbomb,event-level,2015/2016,Premier League
40366,Wes Brown,Sunderland,537,0,0,0,0.0,0,71,11,8,8,51,21,21,1,0,0,0.16759776536312848,0.0,0.0,0.0,0.0,0.0,11.9,1.84,1.34,1.34,8.55,3.52,0.17,0.0,0.0,100.0,statsbomb,event-level,2015/2016,Premier League
2988,Memphis Depay,Manchester United,1517,2,0,56,4.381855249300001,12,191,108,12,8,187,10,10,33,5,63,0.05932762030323006,0.12,0.0,3.32,0.26,0.71,11.33,6.41,0.71,0.47,11.09,0.59,1.96,0.3,3.74,100.0,statsbomb,event-level,2015/2016,Premier League
3294,Juan Manuel Mata García,Manchester United,2904,6,5,58,5.866743938000002,46,345,140,31,23,396,10,10,40,21,52,0.030991735537190084,0.19,0.15,1.8,0.18,1.43,10.69,4.34,0.96,0.71,12.27,0.31,1.24,0.65,1.61,100.0,statsbomb,event-level,2015/2016,Premier League
3296,Marouane Fellaini-Bakkioui,Manchester United,1086,1,0,22,3.012999341,10,93,34,22,10,224,62,62,12,0,2,0.08287292817679558,0.08,0.0,1.82,0.25,0.83,7.71,2.82,1.82,0.83,18.56,5.14,0.99,0.0,0.17,100.0,statsbomb,event-level,2015/2016,Premier League
3311,Daley Blind,Manchester United,3175,1,1,4,0.1103781186,27,1115,221,91,67,541,48,48,13,5,25,0.028346456692913385,0.03,0.03,0.11,0.0,0.77,31.61,6.26,2.58,1.9,15.34,1.36,0.37,0.14,0.71,100.0,statsbomb,event-level,2015/2016,Premier League
3314,Phil Jones,Manchester United,543,0,0,1,0.052710865,0,105,24,10,7,58,21,21,0,0,1,0.16574585635359115,0.0,0.0,0.17,0.01,0.0,17.4,3.98,1.66,1.16,9.61,3.48,0.0,0.0,0.17,100.0,statsbomb,event-level,2015/2016,Premier League
3325,Marko Arnautović,Stoke City,2825,11,6,72,11.080028552999998,44,298,183,58,32,490,16,16,77,20,47,0.03185840707964602,0.35,0.19,2.29,0.35,1.4,9.49,5.83,1.85,1.02,15.61,0.51,2.45,0.64,1.5,100.0,statsbomb,event-level,2015/2016,Premier League
3333,David de Gea Quintana,Manchester United,3059,0,0,0,0.0,0,806,24,0,0,1,0,0,0,2,0,0.029421379535796013,0.0,0.0,0.0,0.0,0.0,23.71,0.71,0.0,0.0,0.03,0.0,0.0,0.06,0.0,,statsbomb,event-level,2015/2016,Premier League
3467,Erik Pieters,Stoke City,3159,0,1,5,0.07677497999999999,18,877,105,119,74,599,76,76,12,5,69,0.02849002849002849,0.0,0.03,0.14,0.0,0.51,24.99,2.99,3.39,2.11,17.07,2.17,0.34,0.14,1.97,100.0,statsbomb,event-level,2015/2016,Premier League
3480,Geoff Cameron,Stoke City,2381,0,0,16,0.908820533,9,492,105,50,53,399,85,85,21,5,9,0.0377992440151197,0.0,0.0,0.6,0.03,0.34,18.6,3.97,1.89,2.0,15.08,3.21,0.79,0.19,0.34,100.0,statsbomb,event-level,2015/2016,Premier League
3533,Xherdan Shaqiri,Stoke City,2033,3,5,39,2.4633686411,43,308,111,19,11,253,5,5,42,14,81,0.04426955238563699,0.13,0.22,1.73,0.11,1.9,13.64,4.91,0.84,0.49,11.2,0.22,1.86,0.62,3.59,100.0,statsbomb,event-level,2015/2016,Premier League
3537,Jack Butland,Stoke City,2802,0,0,0,0.0,1,892,55,0,0,6,0,0,1,0,0,0.032119914346895075,0.0,0.0,0.0,0.0,0.03,28.65,1.77,0.0,0.0,0.19,0.0,0.03,0.0,0.0,,statsbomb,event-level,2015/2016,Premier League
3538,Wayne Mark Rooney,Manchester United,2454,8,5,71,6.894919052700004,35,220,100,26,9,287,36,36,30,10,43,0.03667481662591687,0.29,0.18,2.6,0.25,1.28,8.07,3.67,0.95,0.33,10.53,1.32,1.1,0.37,1.58,100.0,statsbomb,event-level,2015/2016,Premier League
3603,Mame Biram Diouf,Stoke City,1299,5,1,32,4.856480782,7,58,24,18,8,212,46,46,12,0,5,0.06928406466512702,0.35,0.07,2.22,0.34,0.48,4.02,1.66,1.25,0.55,14.69,3.19,0.83,0.0,0.35,100.0,statsbomb,event-level,2015/2016,Premier League
3606,Ander Herrera Agüera,Manchester United,1563,3,2,24,2.8249739285000004,20,232,31,57,25,364,7,7,21,6,22,0.05758157389635317,0.17,0.12,1.38,0.16,1.15,13.36,1.79,3.28,1.44,20.96,0.4,1.21,0.35,1.27,100.0,statsbomb,event-level,2015/2016,Premier League
3612,Ashley Young,Manchester United,1082,1,2,7,0.8463417289999999,8,274,87,22,15,139,14,14,14,3,60,0.08317929759704251,0.08,0.17,0.58,0.07,0.67,22.79,7.24,1.83,1.25,11.56,1.16,1.16,0.25,4.99,100.0,statsbomb,event-level,2015/2016,Premier League
3636,Charlie Adam,Stoke City,1050,1,1,28,0.9784929336999998,9,219,45,22,7,205,21,21,10,5,16,0.08571428571428572,0.09,0.09,2.4,0.08,0.77,18.77,3.86,1.89,0.6,17.57,1.8,0.86,0.43,1.37,100.0,statsbomb,event-level,2015/2016,Premier League
4035,Ryan Shawcross,Stoke City,1694,0,0,8,0.9745430740000001,1,264,38,44,26,181,72,72,4,0,2,0.053128689492325853,0.0,0.0,0.43,0.05,0.05,14.03,2.02,2.34,1.38,9.62,3.83,0.21,0.0,0.11,100.0,statsbomb,event-level,2015/2016,Premier League
4724,Glen Johnson,Stoke City,2221,0,3,18,1.0325343230000001,16,533,82,46,30,215,16,16,38,6,37,0.040522287257991896,0.0,0.12,0.73,0.04,0.65,21.6,3.32,1.86,1.22,8.71,0.65,1.54,0.24,1.5,100.0,statsbomb,event-level,2015/2016,Premier League
4751,Michael Carrick,Manchester United,2008,0,0,7,0.30545537500000003,8,527,74,43,37,269,25,25,7,9,6,0.044820717131474105,0.0,0.0,0.31,0.01,0.36,23.62,3.32,1.93,1.66,12.06,1.12,0.31,0.4,0.27,100.0,statsbomb,event-level,2015/2016,Premier League
4891,Ibrahim Afellay,Stoke City,2112,2,2,39,2.2133037750000004,19,272,126,28,11,346,14,14,40,5,30,0.04261363636363636,0.09,0.09,1.66,0.09,0.81,11.59,5.37,1.19,0.47,14.74,0.6,1.7,0.21,1.28,100.0,statsbomb,event-level,2015/2016,Premier League
4913,Bojan Krkíc Pérez,Stoke City,1708,7,1,37,4.829386597400001,26,164,114,11,12,285,6,6,44,11,19,0.05269320843091335,0.37,0.05,1.95,0.25,1.37,8.64,6.01,0.58,0.63,15.02,0.32,2.32,0.58,1.0,100.0,statsbomb,event-level,2015/2016,Premier League
6846,Andreas Hoelgebaum Pereira,Manchester United,95,0,0,0,0.0,3,26,8,0,0,24,2,2,3,0,4,0.9473684210526315,0.0,0.0,0.0,0.0,2.84,24.63,7.58,0.0,0.0,22.74,1.89,2.84,0.0,3.79,100.0,statsbomb,event-level,2015/2016,Premier League
8251,Marco van Ginkel,Stoke City,763,0,0,10,0.519662764,5,114,22,28,13,218,15,15,5,4,5,0.11795543905635648,0.0,0.0,1.18,0.06,0.59,13.45,2.6,3.3,1.53,25.71,1.77,0.59,0.47,0.59,100.0,statsbomb,event-level,2015/2016,Premier League
9625,Glenn Whelan,Stoke City,3215,0,1,11,0.21807827100000002,21,608,54,80,60,568,53,53,18,1,8,0.027993779160186624,0.0,0.03,0.31,0.01,0.59,17.02,1.51,2.24,1.68,15.9,1.48,0.5,0.03,0.22,100.0,statsbomb,event-level,2015/2016,Premier League
10958,Chris Smalling,Manchester United,3206,0,1,21,1.71060454,5,444,154,72,48,413,199,199,7,0,1,0.028072364316905803,0.0,0.03,0.59,0.05,0.14,12.46,4.32,2.02,1.35,11.59,5.59,0.2,0.0,0.03,100.0,statsbomb,event-level,2015/2016,Premier League
20039,Anthony Martial,Manchester United,2671,11,3,57,6.901340182499998,32,188,229,35,14,372,67,67,73,6,47,0.03369524522650692,0.37,0.1,1.92,0.23,1.08,6.33,7.72,1.18,0.47,12.53,2.26,2.46,0.2,1.58,100.0,statsbomb,event-level,2015/2016,Premier League
40121,Philipp Wollscheid,Stoke City,2729,0,0,3,0.134113701,4,528,56,80,66,353,86,86,8,0,0,0.03297911322828875,0.0,0.0,0.1,0.0,0.13,17.41,1.85,2.64,2.18,11.64,2.84,0.26,0.0,0.0,100.0,statsbomb,event-level,2015/2016,Premier League
3265,José Luis Sanmartín Mato,Stoke City,1127,4,1,29,2.577868745,8,52,14,11,4,265,57,57,10,3,12,0.07985803016858918,0.32,0.08,2.32,0.21,0.64,4.15,1.12,0.88,0.32,21.16,4.55,0.8,0.24,0.96,100.0,statsbomb,event-level,2015/2016,Premier League
3288,Miguel Ángel Britos Cabrera,Watford,2080,0,0,7,0.6520756639999999,0,381,30,30,27,171,89,89,7,1,1,0.04326923076923077,0.0,0.0,0.3,0.03,0.0,16.49,1.3,1.3,1.17,7.4,3.85,0.3,0.04,0.04,100.0,statsbomb,event-level,2015/2016,Premier League
3670,Jonathan Walters,Stoke City,1756,5,2,33,5.530523288,19,118,35,9,10,222,107,107,16,3,27,0.05125284738041002,0.26,0.1,1.69,0.28,0.97,6.05,1.79,0.46,0.51,11.38,5.48,0.82,0.15,1.38,100.0,statsbomb,event-level,2015/2016,Premier League
4040,Peter Crouch,Stoke City,478,0,1,9,0.5820410970000001,3,41,1,4,2,68,66,66,1,0,1,0.18828451882845187,0.0,0.19,1.69,0.11,0.56,7.72,0.19,0.75,0.38,12.8,12.43,0.19,0.0,0.19,100.0,statsbomb,event-level,2015/2016,Premier League
13848,Marc Wilson,Stoke City,268,0,0,0,0.0,1,41,4,9,4,32,5,5,1,0,1,0.3358208955223881,0.0,0.0,0.0,0.0,0.34,13.77,1.34,3.02,1.34,10.75,1.68,0.34,0.0,0.34,100.0,statsbomb,event-level,2015/2016,Premier League
36983,Juan Carlos Paredes Reasco,Watford,782,0,0,5,0.127796528,3,185,37,14,8,145,5,5,7,0,23,0.11508951406649616,0.0,0.0,0.58,0.01,0.35,21.29,4.26,1.61,0.92,16.69,0.58,0.81,0.0,2.65,100.0,statsbomb,event-level,2015/2016,Premier League
40118,Ikechi Anya,Watford,1714,0,1,10,0.7347301659999997,15,310,97,16,17,201,22,22,17,1,47,0.052508751458576426,0.0,0.05,0.53,0.04,0.79,16.28,5.09,0.84,0.89,10.55,1.16,0.89,0.05,2.47,100.0,statsbomb,event-level,2015/2016,Premier League
16003,Fernando Francisco Reges,Manchester City,1724,2,0,16,2.7646557860000005,5,151,28,61,46,416,37,37,20,2,0,0.052204176334106726,0.1,0.0,0.84,0.14,0.26,7.88,1.46,3.18,2.4,21.72,1.93,1.04,0.1,0.0,100.0,statsbomb,event-level,2015/2016,Premier League
19288,Martín Gastón Demichelis,Manchester City,1034,0,0,5,0.301806504,4,188,42,23,26,119,44,44,5,0,0,0.08704061895551257,0.0,0.0,0.44,0.03,0.35,16.36,3.66,2.0,2.26,10.36,3.83,0.44,0.0,0.0,100.0,statsbomb,event-level,2015/2016,Premier League
20287,John Terry,Chelsea,2017,1,0,10,1.154272665,3,240,17,28,27,116,65,65,1,0,0,0.04462072384729797,0.04,0.0,0.45,0.05,0.13,10.71,0.76,1.25,1.2,5.18,2.9,0.04,0.0,0.0,100.0,statsbomb,event-level,2015/2016,Premier League
4738,Lee Tomlin,AFC Bournemouth,306,0,0,4,0.22449919000000002,7,29,16,4,0,80,6,6,4,1,0,0.29411764705882354,0.0,0.0,1.18,0.07,2.06,8.53,4.71,1.18,0.0,23.53,1.76,1.18,0.29,0.0,100.0,statsbomb,event-level,2015/2016,Premier League
4632,Stephen Ireland,Stoke City,258,0,1,3,0.383392195,7,55,5,10,5,82,5,5,4,1,2,0.3488372093023256,0.0,0.35,1.05,0.13,2.44,19.19,1.74,3.49,1.74,28.6,1.74,1.4,0.35,0.7,100.0,statsbomb,event-level,2015/2016,Premier League
42901,Osazemwinde Peter Odemwingie,Stoke City,110,0,0,2,0.080638808,0,11,6,3,3,36,1,1,1,0,3,0.8181818181818182,0.0,0.0,1.64,0.07,0.0,9.0,4.91,2.45,2.45,29.45,0.82,0.82,0.0,2.45,100.0,statsbomb,event-level,2015/2016,Premier League
3062,Aaron Cresswell,West Ham United,3370,2,4,27,0.8002924176000002,41,842,84,44,38,337,58,58,16,2,93,0.026706231454005934,0.05,0.11,0.72,0.02,1.09,22.49,2.24,1.18,1.01,9.0,1.55,0.43,0.05,2.48,100.0,statsbomb,event-level,2015/2016,Premier League
3293,Jesse Lingard,Manchester United,1654,4,1,31,3.1945610810000002,14,133,103,39,20,395,6,6,12,6,22,0.05441354292623942,0.22,0.05,1.69,0.17,0.76,7.24,5.6,2.12,1.09,21.49,0.33,0.65,0.33,1.2,100.0,statsbomb,event-level,2015/2016,Premier League
3316,James Tomkins,West Ham United,1977,0,0,8,0.5013403207,10,423,46,67,21,271,58,58,5,2,13,0.04552352048558422,0.0,0.0,0.36,0.02,0.46,19.26,2.09,3.05,0.96,12.34,2.64,0.23,0.09,0.59,100.0,statsbomb,event-level,2015/2016,Premier League
3349,Michail Antonio,West Ham United,2078,8,3,56,5.604933744000001,19,292,110,50,51,341,59,59,59,3,56,0.04331087584215592,0.35,0.13,2.43,0.24,0.82,12.65,4.76,2.17,2.21,14.77,2.56,2.56,0.13,2.43,100.0,statsbomb,event-level,2015/2016,Premier League
3600,Morgan Schneiderlin,Manchester United,2257,1,0,11,1.210289647,9,315,58,68,63,510,38,38,19,1,5,0.03987594151528578,0.04,0.0,0.44,0.05,0.36,12.56,2.31,2.71,2.51,20.34,1.52,0.76,0.04,0.2,100.0,statsbomb,event-level,2015/2016,Premier League
3623,Adrián San Miguel del Castillo,West Ham United,2914,0,0,0,0.0,0,879,46,0,0,2,0,0,1,0,0,0.03088538091969801,0.0,0.0,0.0,0.0,0.0,27.15,1.42,0.0,0.0,0.06,0.0,0.03,0.0,0.0,,statsbomb,event-level,2015/2016,Premier League
3684,Cheikhou Kouyaté,West Ham United,3069,5,2,46,5.4474834229999995,14,262,111,92,47,542,113,113,32,3,15,0.02932551319648094,0.15,0.06,1.35,0.16,0.41,7.68,3.26,2.7,1.38,15.89,3.31,0.94,0.09,0.44,100.0,statsbomb,event-level,2015/2016,Premier League
3843,Angelo Obinze Ogbonna,West Ham United,2358,0,0,6,0.514565924,2,335,40,48,46,238,88,88,6,4,0,0.03816793893129771,0.0,0.0,0.23,0.02,0.08,12.79,1.53,1.83,1.76,9.08,3.36,0.23,0.15,0.0,100.0,statsbomb,event-level,2015/2016,Premier League
3874,Mark Noble,West Ham United,3261,7,4,34,4.019765458,43,544,82,93,46,603,18,18,28,6,16,0.027598896044158234,0.19,0.11,0.94,0.11,1.19,15.01,2.26,2.57,1.27,16.64,0.5,0.77,0.17,0.44,100.0,statsbomb,event-level,2015/2016,Premier League
3897,Pedro Mba Obiang Avomo,West Ham United,1112,0,1,9,0.32550912800000004,2,144,15,43,17,286,35,35,9,3,4,0.08093525179856115,0.0,0.08,0.73,0.03,0.16,11.65,1.21,3.48,1.38,23.15,2.83,0.73,0.24,0.32,100.0,statsbomb,event-level,2015/2016,Premier League
3963,Victor Moses,West Ham United,976,1,2,21,1.8376268529999997,14,77,88,17,6,134,9,9,23,0,24,0.09221311475409837,0.09,0.18,1.94,0.17,1.29,7.1,8.11,1.57,0.55,12.36,0.83,2.12,0.0,2.21,100.0,statsbomb,event-level,2015/2016,Premier League
4271,Andy Carroll,West Ham United,1495,9,1,55,6.2845613779999985,14,101,12,9,5,164,163,163,10,4,8,0.06020066889632107,0.54,0.06,3.31,0.38,0.84,6.08,0.72,0.54,0.3,9.87,9.81,0.6,0.24,0.48,100.0,statsbomb,event-level,2015/2016,Premier League
4280,Winston Reid,West Ham United,2177,1,1,18,1.5801049459999998,4,307,70,49,41,248,66,66,2,0,0,0.04134129536058796,0.04,0.04,0.74,0.07,0.17,12.69,2.89,2.03,1.69,10.25,2.73,0.08,0.0,0.0,100.0,statsbomb,event-level,2015/2016,Premier League
4587,Matteo Darmian,Manchester United,1949,1,0,7,0.18171003400000002,11,394,74,88,37,347,29,29,10,1,39,0.046177526936890714,0.05,0.0,0.32,0.01,0.51,18.19,3.42,4.06,1.71,16.02,1.34,0.46,0.05,1.8,100.0,statsbomb,event-level,2015/2016,Premier League
5264,Guillermo Varela Olivera,Manchester United,324,0,0,1,0.020327501,1,76,10,16,12,70,3,3,3,0,6,0.2777777777777778,0.0,0.0,0.28,0.01,0.28,21.11,2.78,4.44,3.33,19.44,0.83,0.83,0.0,1.67,100.0,statsbomb,event-level,2015/2016,Premier League
9648,Paddy McNair,Manchester United,318,0,0,3,0.1577341745,1,80,31,13,3,52,12,12,1,1,5,0.2830188679245283,0.0,0.0,0.85,0.04,0.28,22.64,8.77,3.68,0.85,14.72,3.4,0.28,0.28,1.42,100.0,statsbomb,event-level,2015/2016,Premier League
18414,Bastian Schweinsteiger,Manchester United,1227,1,0,12,1.3781854020000002,9,277,73,42,10,243,26,26,17,5,7,0.07334963325183375,0.07,0.0,0.88,0.1,0.66,20.32,5.35,3.08,0.73,17.82,1.91,1.25,0.37,0.51,100.0,statsbomb,event-level,2015/2016,Premier League
21254,Carl Jenkinson,West Ham United,1228,2,0,7,0.7927971646,6,292,51,29,8,141,25,25,4,0,23,0.0732899022801303,0.15,0.0,0.51,0.06,0.44,21.4,3.74,2.13,0.59,10.33,1.83,0.29,0.0,1.69,100.0,statsbomb,event-level,2015/2016,Premier League
27053,Alexandre Dimitri Song-Billong,West Ham United,666,0,0,6,0.215362981,8,113,36,38,4,200,9,9,10,2,3,0.13513513513513514,0.0,0.0,0.81,0.03,1.08,15.27,4.86,5.14,0.54,27.03,1.22,1.35,0.27,0.41,100.0,statsbomb,event-level,2015/2016,Premier League
27853,Mauro Matías Zárate,West Ham United,794,4,0,30,1.935043989,17,95,75,20,1,140,3,3,26,0,22,0.11335012594458438,0.45,0.0,3.4,0.22,1.93,10.77,8.5,2.27,0.11,15.87,0.34,2.95,0.0,2.49,100.0,statsbomb,event-level,2015/2016,Premier League
3490,James Morrison,West Bromwich Albion,1361,3,2,24,2.450218271,16,129,52,30,16,252,16,16,20,8,7,0.06612784717119764,0.2,0.13,1.59,0.16,1.06,8.53,3.44,1.98,1.06,16.66,1.06,1.32,0.53,0.46,100.0,statsbomb,event-level,2015/2016,Premier League
4747,Divock Okoth Origi,Liverpool,685,5,1,24,2.3073988329,9,27,44,5,0,143,7,7,12,1,16,0.13138686131386862,0.66,0.13,3.15,0.3,1.18,3.55,5.78,0.66,0.0,18.79,0.92,1.58,0.13,2.1,100.0,statsbomb,event-level,2015/2016,Premier League
40453,Segundo Víctor Ibarbo Guerrero,Watford,68,0,0,0,0.0,0,9,5,2,0,17,2,2,1,0,2,1.3235294117647058,0.0,0.0,0.0,0.0,0.0,11.91,6.62,2.65,0.0,22.5,2.65,1.32,0.0,2.65,100.0,statsbomb,event-level,2015/2016,Premier League
3464,James McArthur,Crystal Palace,2210,2,2,16,1.1789362576,19,210,54,51,38,516,41,41,20,2,6,0.04072398190045249,0.08,0.08,0.65,0.05,0.77,8.55,2.2,2.08,1.55,21.01,1.67,0.81,0.08,0.24,100.0,statsbomb,event-level,2015/2016,Premier League
50245,Marouane Chamakh,Crystal Palace,272,0,0,2,0.242332913,4,13,3,7,1,63,13,13,1,1,1,0.33088235294117646,0.0,0.0,0.66,0.08,1.32,4.3,0.99,2.32,0.33,20.85,4.3,0.33,0.33,0.33,100.0,statsbomb,event-level,2015/2016,Premier League
24888,Adam Federici,AFC Bournemouth,483,0,0,0,0.0,0,99,2,0,0,0,0,0,0,0,0,0.18633540372670807,0.0,0.0,0.0,0.0,0.0,18.45,0.37,0.0,0.0,0.0,0.0,0.0,0.0,0.0,,statsbomb,event-level,2015/2016,Premier League
29382,Shaun MacDonald,AFC Bournemouth,31,0,0,0,0.0,0,3,1,1,0,7,0,0,1,0,1,2.903225806451613,0.0,0.0,0.0,0.0,0.0,8.71,2.9,2.9,0.0,20.32,0.0,2.9,0.0,2.9,,statsbomb,event-level,2015/2016,Premier League
3329,Cédric Ricardo Alves Soares,Southampton,2001,0,2,10,0.29418663200000006,23,583,50,69,21,351,31,31,28,4,95,0.044977511244377814,0.0,0.09,0.45,0.01,1.03,26.22,2.25,3.1,0.94,15.79,1.39,1.26,0.18,4.27,100.0,statsbomb,event-level,2015/2016,Premier League
3685,Jay Rodriguez,Southampton,365,0,0,15,1.0794803489999998,3,27,13,4,3,82,9,9,6,3,3,0.2465753424657534,0.0,0.0,3.7,0.27,0.74,6.66,3.21,0.99,0.74,20.22,2.22,1.48,0.74,0.74,100.0,statsbomb,event-level,2015/2016,Premier League
11062,Graziano Pellè,Southampton,2240,11,6,82,7.720267611,26,190,16,11,6,259,153,153,14,12,12,0.04017857142857143,0.44,0.24,3.29,0.31,1.04,7.63,0.64,0.44,0.24,10.41,6.15,0.56,0.48,0.48,100.0,statsbomb,event-level,2015/2016,Premier League
3726,Gerard Deulofeu Lázaro,Everton,1391,2,9,12,1.5518586585,28,299,173,14,14,204,1,1,36,6,88,0.06470165348670022,0.13,0.58,0.78,0.1,1.81,19.35,11.19,0.91,0.91,13.2,0.06,2.33,0.39,5.69,100.0,statsbomb,event-level,2015/2016,Premier League
42947,Leon Osman,Everton,234,0,0,3,0.246678815,0,23,8,2,2,49,0,0,1,0,3,0.38461538461538464,0.0,0.0,1.15,0.09,0.0,8.85,3.08,0.77,0.77,18.85,0.0,0.38,0.0,1.15,,statsbomb,event-level,2015/2016,Premier League
4804,Bradley Johnson,Norwich City,157,0,1,10,0.8057374274,3,22,2,7,1,30,7,7,3,1,2,0.5732484076433121,0.0,0.57,5.73,0.46,1.72,12.61,1.15,4.01,0.57,17.2,4.01,1.72,0.57,1.15,100.0,statsbomb,event-level,2015/2016,Premier League
10966,Wes Hoolahan,Norwich City,2010,4,7,26,3.5316950506000007,38,321,142,32,15,469,8,8,33,13,49,0.04477611940298507,0.18,0.31,1.16,0.16,1.7,14.37,6.36,1.43,0.67,21.0,0.36,1.48,0.58,2.19,100.0,statsbomb,event-level,2015/2016,Premier League
11124,Steven Whittaker,Norwich City,668,1,0,8,0.401340784,3,173,17,19,1,95,6,6,6,1,11,0.1347305389221557,0.13,0.0,1.08,0.05,0.4,23.31,2.29,2.56,0.13,12.8,0.81,0.81,0.13,1.48,100.0,statsbomb,event-level,2015/2016,Premier League
16334,Graham Dorrans,Norwich City,1300,0,1,16,0.6564015583,15,188,51,22,15,237,18,18,13,4,5,0.06923076923076923,0.0,0.07,1.11,0.05,1.04,13.02,3.53,1.52,1.04,16.41,1.25,0.9,0.28,0.35,100.0,statsbomb,event-level,2015/2016,Premier League
3101,Vincent Kompany,Manchester City,1193,2,0,11,0.750381515,3,271,47,21,21,96,39,39,8,0,1,0.07544006705783739,0.15,0.0,0.83,0.06,0.23,20.44,3.55,1.58,1.58,7.24,2.94,0.6,0.0,0.08,100.0,statsbomb,event-level,2015/2016,Premier League
3267,Luis Antonio Valencia Mosquera,Manchester United,876,0,3,5,0.1862707734,5,186,86,28,12,145,17,17,22,1,28,0.10273972602739725,0.0,0.31,0.51,0.02,0.51,19.11,8.84,2.88,1.23,14.9,1.75,2.26,0.1,2.88,100.0,statsbomb,event-level,2015/2016,Premier League
3602,Faustino Marcos Alberto Rojo,Manchester United,1268,0,1,8,0.291408441,9,425,54,44,19,225,46,46,1,0,43,0.07097791798107256,0.0,0.07,0.57,0.02,0.64,30.17,3.83,3.12,1.35,15.97,3.26,0.07,0.0,3.05,100.0,statsbomb,event-level,2015/2016,Premier League
4808,Andre Wisdom,Norwich City,822,0,0,2,0.117123414,5,199,27,21,10,60,13,13,5,0,14,0.10948905109489052,0.0,0.0,0.22,0.01,0.55,21.79,2.96,2.3,1.09,6.57,1.42,0.55,0.0,1.53,100.0,statsbomb,event-level,2015/2016,Premier League
3445,Radamel Falcao García Zárate,Chelsea,259,1,0,12,1.332758599,2,7,4,2,3,46,14,14,3,0,0,0.3474903474903475,0.35,0.0,4.17,0.46,0.69,2.43,1.39,0.69,1.04,15.98,4.86,1.04,0.0,0.0,100.0,statsbomb,event-level,2015/2016,Premier League
3834,Ivan Toney,Newcastle United,8,0,0,0,0.0,0,1,0,0,0,3,1,1,0,0,0,11.25,0.0,0.0,0.0,0.0,0.0,11.25,0.0,0.0,0.0,33.75,11.25,0.0,0.0,0.0,100.0,statsbomb,event-level,2015/2016,Premier League
9467,Timothy Michael Krul,Newcastle United,734,0,0,0,0.0,0,242,7,0,0,5,0,0,0,1,0,0.1226158038147139,0.0,0.0,0.0,0.0,0.0,29.67,0.86,0.0,0.0,0.61,0.0,0.0,0.12,0.0,,statsbomb,event-level,2015/2016,Premier League
16027,Kevin Mbabu,Newcastle United,149,0,0,1,0.036821686,1,36,6,11,2,42,4,4,3,0,2,0.6040268456375839,0.0,0.0,0.6,0.02,0.6,21.74,3.62,6.64,1.21,25.37,2.42,1.81,0.0,1.21,100.0,statsbomb,event-level,2015/2016,Premier League
42899,Gabriel Antoine Obertan,Newcastle United,285,0,1,3,0.114057279,2,22,13,8,3,35,5,5,2,0,8,0.3157894736842105,0.0,0.32,0.95,0.04,0.63,6.95,4.11,2.53,0.95,11.05,1.58,0.63,0.0,2.53,100.0,statsbomb,event-level,2015/2016,Premier League
5602,Cristian Gamboa Luna,West Bromwich Albion,30,0,0,1,0.029631916,0,3,1,3,1,9,0,0,1,1,0,3.0,0.0,0.0,3.0,0.09,0.0,9.0,3.0,9.0,3.0,27.0,0.0,3.0,3.0,0.0,,statsbomb,event-level,2015/2016,Premier League
6560,Marc Muniesa Martínez,Stoke City,1117,0,0,3,0.05676740100000001,4,241,48,29,26,184,17,17,6,0,10,0.08057296329453895,0.0,0.0,0.24,0.0,0.32,19.42,3.87,2.34,2.09,14.83,1.37,0.48,0.0,0.81,100.0,statsbomb,event-level,2015/2016,Premier League
9551,Callum McManaman,West Bromwich Albion,297,0,1,8,0.5205207789999999,7,24,31,7,1,48,2,2,12,0,11,0.30303030303030304,0.0,0.3,2.42,0.16,2.12,7.27,9.39,2.12,0.3,14.55,0.61,3.64,0.0,3.33,100.0,statsbomb,event-level,2015/2016,Premier League
3041,Ciaran Clark,Aston Villa,1477,1,0,10,1.2308838428000002,3,238,42,23,32,174,63,63,6,2,2,0.06093432633716994,0.06,0.0,0.61,0.08,0.18,14.5,2.56,1.4,1.95,10.6,3.84,0.37,0.12,0.12,100.0,statsbomb,event-level,2015/2016,Premier League
3077,Jan Vertonghen,Tottenham Hotspur,2636,0,0,9,0.674199291,5,504,134,48,28,188,83,83,10,4,1,0.03414264036418816,0.0,0.0,0.31,0.02,0.17,17.21,4.58,1.64,0.96,6.42,2.83,0.34,0.14,0.03,100.0,statsbomb,event-level,2015/2016,Premier League
3086,Ben Davies,Tottenham Hotspur,1316,0,2,9,0.560651818,14,359,52,29,11,194,41,41,6,1,28,0.06838905775075987,0.0,0.14,0.62,0.04,0.96,24.55,3.56,1.98,0.75,13.27,2.8,0.41,0.07,1.91,100.0,statsbomb,event-level,2015/2016,Premier League
16067,Josh Onomah,Tottenham Hotspur,93,0,0,3,0.191308678,0,10,9,5,0,27,1,1,2,0,7,0.967741935483871,0.0,0.0,2.9,0.19,0.0,9.68,8.71,4.84,0.0,26.13,0.97,1.94,0.0,6.77,100.0,statsbomb,event-level,2015/2016,Premier League
42699,Gabriel Imuetinyan Agbonlahor,Aston Villa,1053,1,2,11,1.4350953469999999,11,44,24,8,3,182,36,36,6,0,10,0.08547008547008547,0.09,0.17,0.94,0.12,0.94,3.76,2.05,0.68,0.26,15.56,3.08,0.51,0.0,0.85,100.0,statsbomb,event-level,2015/2016,Premier League
42701,Kieran Richardson,Aston Villa,735,0,2,7,0.154056552,3,154,17,19,9,127,11,11,8,1,16,0.12244897959183673,0.0,0.24,0.86,0.02,0.37,18.86,2.08,2.33,1.1,15.55,1.35,0.98,0.12,1.96,100.0,statsbomb,event-level,2015/2016,Premier League
3300,Maya Yoshida,Southampton,1027,1,0,2,0.52635944,2,235,16,16,19,100,20,20,6,0,4,0.08763388510223953,0.09,0.0,0.18,0.05,0.18,20.59,1.4,1.4,1.67,8.76,1.75,0.53,0.0,0.35,100.0,statsbomb,event-level,2015/2016,Premier League
7745,Steven Berghuis,Watford,236,0,2,7,0.5190596494999999,6,49,15,5,2,60,1,1,4,3,13,0.3813559322033898,0.0,0.76,2.67,0.2,2.29,18.69,5.72,1.91,0.76,22.88,0.38,1.53,1.14,4.96,100.0,statsbomb,event-level,2015/2016,Premier League
3323,Tyrone Mings,AFC Bournemouth,11,0,0,0,0.0,0,0,0,0,0,1,0,0,0,0,0,8.181818181818182,0.0,0.0,0.0,0.0,0.0,0.0,0.0,0.0,0.0,8.18,0.0,0.0,0.0,0.0,,statsbomb,event-level,2015/2016,Premier League
4826,Yohan Benalouane,Leicester City,68,0,0,0,0.0,0,12,0,0,3,8,4,4,0,0,0,1.3235294117647058,0.0,0.0,0.0,0.0,0.0,15.88,0.0,0.0,3.97,10.59,5.29,0.0,0.0,0.0,100.0,statsbomb,event-level,2015/2016,Premier League
6296,Joe Dodoo,Leicester City,26,0,0,0,0.0,0,4,0,0,0,5,0,0,0,0,0,3.4615384615384617,0.0,0.0,0.0,0.0,0.0,13.85,0.0,0.0,0.0,17.31,0.0,0.0,0.0,0.0,,statsbomb,event-level,2015/2016,Premier League
3491,Dimitri Payet,West Ham United,2629,9,12,69,5.067430367299998,100,590,183,30,18,303,4,4,75,27,125,0.034233548877900345,0.31,0.41,2.36,0.17,3.42,20.2,6.26,1.03,0.62,10.37,0.14,2.57,0.92,4.28,100.0,statsbomb,event-level,2015/2016,Premier League
3595,Manuel Lanzini,West Ham United,1937,5,2,48,3.4465426719999996,32,250,163,36,25,278,6,6,51,6,24,0.04646360351058337,0.23,0.09,2.23,0.16,1.49,11.62,7.57,1.67,1.16,12.92,0.28,2.37,0.28,1.12,100.0,statsbomb,event-level,2015/2016,Premier League
3962,Diafra Sakho,West Ham United,1547,5,1,46,7.3521038910000005,12,79,47,15,6,255,77,77,22,1,23,0.058177117000646414,0.29,0.06,2.68,0.43,0.7,4.6,2.73,0.87,0.35,14.84,4.48,1.28,0.06,1.34,100.0,statsbomb,event-level,2015/2016,Premier League
4273,Reece Oxford,West Ham United,209,0,0,1,0.07030312,0,14,0,6,6,31,3,3,0,0,0,0.430622009569378,0.0,0.0,0.43,0.03,0.0,6.03,0.0,2.58,2.58,13.35,1.29,0.0,0.0,0.0,100.0,statsbomb,event-level,2015/2016,Premier League
4837,Josh Cullen,West Ham United,1,0,0,0,0.0,0,0,0,0,0,0,0,0,0,0,0,90.0,0.0,0.0,0.0,0.0,0.0,0.0,0.0,0.0,0.0,0.0,0.0,0.0,0.0,0.0,,statsbomb,event-level,2015/2016,Premier League
20066,Darren Randolph,West Ham United,550,0,0,1,0.050556086,0,175,8,0,0,0,0,0,0,0,0,0.16363636363636364,0.0,0.0,0.16,0.01,0.0,28.64,1.31,0.0,0.0,0.0,0.0,0.0,0.0,0.0,,statsbomb,event-level,2015/2016,Premier League
3651,Matt Targett,Southampton,1085,0,1,3,0.144222356,4,249,13,17,17,123,22,22,3,0,27,0.08294930875576037,0.0,0.08,0.25,0.01,0.33,20.65,1.08,1.41,1.41,10.2,1.82,0.25,0.0,2.24,100.0,statsbomb,event-level,2015/2016,Premier League
3391,Rolando Aarons,Newcastle United,421,1,1,2,0.15101469,3,54,19,17,8,97,5,5,8,0,11,0.21377672209026127,0.21,0.21,0.43,0.03,0.64,11.54,4.06,3.63,1.71,20.74,1.07,1.71,0.0,2.35,100.0,statsbomb,event-level,2015/2016,Premier League
4828,Adlène Guédioura,Watford,456,0,2,13,0.312132211,10,126,15,17,16,85,18,18,15,3,19,0.19736842105263158,0.0,0.39,2.57,0.06,1.97,24.87,2.96,3.36,3.16,16.78,3.55,2.96,0.59,3.75,100.0,statsbomb,event-level,2015/2016,Premier League
4840,Massadio Haïdara,Newcastle United,560,0,0,3,0.0439196815,3,129,25,13,11,79,11,11,6,0,8,0.16071428571428573,0.0,0.0,0.48,0.01,0.48,20.73,4.02,2.09,1.77,12.7,1.77,0.96,0.0,1.29,100.0,statsbomb,event-level,2015/2016,Premier League
6870,José Manuel Jurado Marín,Watford,2013,0,0,36,1.5850886101000001,39,234,134,34,17,343,12,12,52,10,34,0.044709388971684055,0.0,0.0,1.61,0.07,1.74,10.46,5.99,1.52,0.76,15.34,0.54,2.32,0.45,1.52,100.0,statsbomb,event-level,2015/2016,Premier League
3659,Wilfredo Daniel Caballero,Manchester City,298,0,0,0,0.0,0,72,1,0,0,1,0,0,0,0,0,0.30201342281879195,0.0,0.0,0.0,0.0,0.0,21.74,0.3,0.0,0.0,0.3,0.0,0.0,0.0,0.0,,statsbomb,event-level,2015/2016,Premier League
9958,Steven Caulker,Liverpool,196,0,0,4,0.324833245,1,34,6,3,1,11,10,10,1,0,0,0.45918367346938777,0.0,0.0,1.84,0.15,0.46,15.61,2.76,1.38,0.46,5.05,4.59,0.46,0.0,0.0,100.0,statsbomb,event-level,2015/2016,Premier League
16932,Youssouf Chafiq Mulumbu Ngangu,Norwich City,373,0,0,3,0.18326662500000002,1,37,7,22,5,106,7,7,6,1,1,0.24128686327077747,0.0,0.0,0.72,0.04,0.24,8.93,1.69,5.31,1.21,25.58,1.69,1.45,0.24,0.24,100.0,statsbomb,event-level,2015/2016,Premier League
3509,Thibaut Courtois,Chelsea,2027,0,0,0,0.0,0,545,14,0,0,4,0,0,0,0,0,0.04440059200789344,0.0,0.0,0.0,0.0,0.0,24.2,0.62,0.0,0.0,0.18,0.0,0.0,0.0,0.0,,statsbomb,event-level,2015/2016,Premier League
4347,Jordan Amavi,Aston Villa,863,0,2,4,0.0751711596,6,215,44,40,14,154,27,27,18,0,34,0.10428736964078796,0.0,0.21,0.42,0.01,0.63,22.42,4.59,4.17,1.46,16.06,2.82,1.88,0.0,3.55,100.0,statsbomb,event-level,2015/2016,Premier League
30702,Brendan Joel Zibusiso Galloway,Everton,1236,0,1,9,0.938793719,4,174,39,50,11,243,11,11,3,1,6,0.07281553398058252,0.0,0.07,0.66,0.07,0.29,12.67,2.84,3.64,0.8,17.69,0.8,0.22,0.07,0.44,100.0,statsbomb,event-level,2015/2016,Premier League
3297,Andros Townsend,Newcastle United,1163,4,2,29,1.440451886,28,158,127,30,23,277,3,3,46,0,47,0.07738607050730868,0.31,0.15,2.24,0.11,2.17,12.23,9.83,2.32,1.78,21.44,0.23,3.56,0.0,3.64,100.0,statsbomb,event-level,2015/2016,Premier League
3534,Clinton Mua N''Jie,Tottenham Hotspur,202,0,1,7,0.49904967600000005,1,17,8,9,1,51,2,2,7,1,4,0.44554455445544555,0.0,0.45,3.12,0.22,0.45,7.57,3.56,4.01,0.45,22.72,0.89,3.12,0.45,1.78,100.0,statsbomb,event-level,2015/2016,Premier League
3973,Àngel Rangel Zaragoza,Swansea City,1863,0,0,14,0.6835989456,13,692,77,41,36,216,51,51,14,3,36,0.04830917874396135,0.0,0.0,0.68,0.03,0.63,33.43,3.72,1.98,1.74,10.43,2.46,0.68,0.14,1.74,100.0,statsbomb,event-level,2015/2016,Premier League
3482,James Collins,West Ham United,1473,0,0,13,0.9503093917,1,253,23,18,24,105,78,78,3,0,1,0.06109979633401222,0.0,0.0,0.79,0.06,0.06,15.46,1.41,1.1,1.47,6.42,4.77,0.18,0.0,0.06,100.0,statsbomb,event-level,2015/2016,Premier League
20543,Nikica Jelavić,West Ham United,378,1,1,11,1.8327274987,6,13,6,6,2,62,16,16,4,0,4,0.23809523809523808,0.24,0.24,2.62,0.44,1.43,3.1,1.43,1.43,0.48,14.76,3.81,0.95,0.0,0.95,100.0,statsbomb,event-level,2015/2016,Premier League
43695,Brede Hangeland,Crystal Palace,644,0,0,5,0.6918013279999999,0,105,19,10,4,43,50,50,3,1,0,0.13975155279503104,0.0,0.0,0.7,0.1,0.0,14.67,2.66,1.4,0.56,6.01,6.99,0.42,0.14,0.0,100.0,statsbomb,event-level,2015/2016,Premier League
3052,Pablo Javier Zabaleta Girod,Manchester City,1059,0,1,3,0.094444591,0,201,18,39,16,171,22,22,4,0,10,0.08498583569405099,0.0,0.08,0.25,0.01,0.0,17.08,1.53,3.31,1.36,14.53,1.87,0.34,0.0,0.85,100.0,statsbomb,event-level,2015/2016,Premier League
3081,Jamaal Lascelles,Newcastle United,1140,2,0,4,0.838523107,2,157,28,12,31,99,64,64,3,1,2,0.07894736842105263,0.16,0.0,0.32,0.07,0.16,12.39,2.21,0.95,2.45,7.82,5.05,0.24,0.08,0.16,100.0,statsbomb,event-level,2015/2016,Premier League
42900,Cheik Ismaël Tioté,Newcastle United,1247,0,0,2,0.045869157,8,198,28,52,39,297,45,45,14,2,0,0.07217321571772253,0.0,0.0,0.14,0.0,0.58,14.29,2.02,3.75,2.81,21.44,3.25,1.01,0.14,0.0,100.0,statsbomb,event-level,2015/2016,Premier League
43757,Yoan Gouffran,Newcastle United,241,0,0,3,0.142816165,1,26,10,7,8,54,8,8,0,0,3,0.37344398340248963,0.0,0.0,1.12,0.05,0.37,9.71,3.73,2.61,2.99,20.17,2.99,0.0,0.0,1.12,100.0,statsbomb,event-level,2015/2016,Premier League
3619,Alex McCarthy,Crystal Palace,644,0,0,0,0.0,0,199,12,0,0,1,0,0,0,0,0,0.13975155279503104,0.0,0.0,0.0,0.0,0.0,27.81,1.68,0.0,0.0,0.14,0.0,0.0,0.0,0.0,,statsbomb,event-level,2015/2016,Premier League
20046,Phil Jagielka,Everton,1881,0,0,11,0.6603465789999999,3,400,55,37,29,193,79,79,4,0,2,0.04784688995215311,0.0,0.0,0.53,0.03,0.14,19.14,2.63,1.77,1.39,9.23,3.78,0.19,0.0,0.1,100.0,statsbomb,event-level,2015/2016,Premier League
42946,Guangtai Jiang,Everton,306,0,0,2,0.22570679,2,38,5,10,0,42,5,5,0,0,3,0.29411764705882354,0.0,0.0,0.59,0.07,0.59,11.18,1.47,2.94,0.0,12.35,1.47,0.0,0.0,0.88,100.0,statsbomb,event-level,2015/2016,Premier League
3083,Heung-Min Son,Tottenham Hotspur,1112,4,1,38,3.851927903,17,64,47,30,8,298,10,10,24,1,7,0.08093525179856115,0.32,0.08,3.08,0.31,1.38,5.18,3.8,2.43,0.65,24.12,0.81,1.94,0.08,0.57,100.0,statsbomb,event-level,2015/2016,Premier League
9014,Declan Rudd,Norwich City,999,0,0,0,0.0,0,306,9,0,0,4,0,0,0,0,0,0.09009009009009009,0.0,0.0,0.0,0.0,0.0,27.57,0.81,0.0,0.0,0.36,0.0,0.0,0.0,0.0,,statsbomb,event-level,2015/2016,Premier League
3382,Luke Shaw,Manchester United,465,0,1,1,0.09207138,3,131,37,10,1,68,17,17,6,0,10,0.1935483870967742,0.0,0.19,0.19,0.02,0.58,25.35,7.16,1.94,0.19,13.16,3.29,1.16,0.0,1.94,100.0,statsbomb,event-level,2015/2016,Premier League
4892,Sergio Germán Romero,Manchester United,352,0,0,0,0.0,0,105,4,0,0,1,0,0,0,0,0,0.2556818181818182,0.0,0.0,0.0,0.0,0.0,26.85,1.02,0.0,0.0,0.26,0.0,0.0,0.0,0.0,,statsbomb,event-level,2015/2016,Premier League
6330,Adnan Januzaj,Manchester United,150,1,0,4,0.194883131,0,13,10,0,0,28,0,0,5,2,0,0.6,0.6,0.0,2.4,0.12,0.0,7.8,6.0,0.0,0.0,16.8,0.0,3.0,1.2,0.0,,statsbomb,event-level,2015/2016,Premier League
3609,Michel Vorm,Tottenham Hotspur,93,0,0,0,0.0,0,19,1,0,0,0,0,0,0,0,0,0.967741935483871,0.0,0.0,0.0,0.0,0.0,18.39,0.97,0.0,0.0,0.0,0.0,0.0,0.0,0.0,,statsbomb,event-level,2015/2016,Premier League
8520,Nabil Bentaleb,Tottenham Hotspur,166,0,0,3,0.1347764505,2,27,10,2,0,31,3,3,4,3,0,0.5421686746987951,0.0,0.0,1.63,0.07,1.08,14.64,5.42,1.08,0.0,16.81,1.63,2.17,1.63,0.0,100.0,statsbomb,event-level,2015/2016,Premier League
5460,Andrej Kramarić,Leicester City,29,0,1,1,0.36157164,1,3,0,2,0,6,0,0,0,0,1,3.103448275862069,0.0,3.1,3.1,1.12,3.1,9.31,0.0,6.21,0.0,18.62,0.0,0.0,0.0,3.1,,statsbomb,event-level,2015/2016,Premier League
3908,Nick Powell,Manchester United,19,0,0,0,0.0,0,0,0,0,0,1,1,1,0,0,0,4.7368421052631575,0.0,0.0,0.0,0.0,0.0,0.0,0.0,0.0,0.0,4.74,4.74,0.0,0.0,0.0,100.0,statsbomb,event-level,2015/2016,Premier League
10779,Cameron Borthwick-Jackson,Manchester United,710,0,1,1,0.018527634,6,166,17,11,15,107,11,11,5,0,20,0.1267605633802817,0.0,0.13,0.13,0.0,0.76,21.04,2.15,1.39,1.9,13.56,1.39,0.63,0.0,2.54,100.0,statsbomb,event-level,2015/2016,Premier League
28559,Enner Remberto Valencia Lastra,West Ham United,1030,4,2,33,3.638703944300001,7,45,49,22,8,206,26,26,16,0,7,0.08737864077669903,0.35,0.17,2.88,0.32,0.61,3.93,4.28,1.92,0.7,18.0,2.27,1.4,0.0,0.61,100.0,statsbomb,event-level,2015/2016,Premier League
6361,James Wilson,Manchester United,9,0,0,0,0.0,1,0,2,0,0,0,0,0,0,0,0,10.0,0.0,0.0,0.0,0.0,10.0,0.0,20.0,0.0,0.0,0.0,0.0,0.0,0.0,0.0,,statsbomb,event-level,2015/2016,Premier League
20253,Samir Nasri,Manchester City,543,2,2,14,1.920093709,7,70,51,11,6,101,0,0,10,1,9,0.16574585635359115,0.33,0.33,2.32,0.32,1.16,11.6,8.45,1.82,0.99,16.74,0.0,1.66,0.17,1.49,,statsbomb,event-level,2015/2016,Premier League
40130,Victor Chinedu Anichebe,West Bromwich Albion,380,0,0,14,1.2194524850000001,2,24,8,2,2,54,39,39,6,0,1,0.23684210526315788,0.0,0.0,3.32,0.29,0.47,5.68,1.89,0.47,0.47,12.79,9.24,1.42,0.0,0.24,100.0,statsbomb,event-level,2015/2016,Premier League
5109,Paulo Dino Gazzaniga,Southampton,176,0,0,0,0.0,0,57,2,0,0,0,0,0,0,0,0,0.5113636363636364,0.0,0.0,0.0,0.0,0.0,29.15,1.02,0.0,0.0,0.0,0.0,0.0,0.0,0.0,,statsbomb,event-level,2015/2016,Premier League
31904,Giedrius Arlauskis,Watford,21,0,0,0,0.0,0,5,1,0,0,0,0,0,0,0,0,4.285714285714286,0.0,0.0,0.0,0.0,0.0,21.43,4.29,0.0,0.0,0.0,0.0,0.0,0.0,0.0,,statsbomb,event-level,2015/2016,Premier League
3807,Ryan Allsop,AFC Bournemouth,47,0,0,0,0.0,0,5,0,0,0,0,0,0,0,0,0,1.9148936170212767,0.0,0.0,0.0,0.0,0.0,9.57,0.0,0.0,0.0,0.0,0.0,0.0,0.0,0.0,,statsbomb,event-level,2015/2016,Premier League
7884,Marcin Ryszard Wasilewski,Leicester City,303,0,0,1,0.04159231,0,34,2,11,3,39,11,11,0,0,0,0.297029702970297,0.0,0.0,0.3,0.01,0.0,10.1,0.59,3.27,0.89,11.58,3.27,0.0,0.0,0.0,100.0,statsbomb,event-level,2015/2016,Premier League
19847,Alessandro Diamanti,Watford,76,0,0,1,0.02299939,1,18,4,4,1,12,0,0,2,0,5,1.1842105263157894,0.0,0.0,1.18,0.03,1.18,21.32,4.74,4.74,1.18,14.21,0.0,2.37,0.0,5.92,,statsbomb,event-level,2015/2016,Premier League
11295,Patrick Roberts,Manchester City,7,0,0,0,0.0,0,1,0,0,0,0,0,0,1,0,0,12.857142857142858,0.0,0.0,0.0,0.0,0.0,12.86,0.0,0.0,0.0,0.0,0.0,12.86,0.0,0.0,,statsbomb,event-level,2015/2016,Premier League
13573,Yann Kermorgant,AFC Bournemouth,135,0,0,2,0.14714601500000002,2,18,2,0,1,17,10,10,2,1,1,0.6666666666666666,0.0,0.0,1.33,0.1,1.33,12.0,1.33,0.0,0.67,11.33,6.67,1.33,0.67,0.67,100.0,statsbomb,event-level,2015/2016,Premier League
45014,Tokelo Anthony Rantie,AFC Bournemouth,50,0,0,1,0.11557082,1,0,2,3,0,14,0,0,0,0,0,1.8,0.0,0.0,1.8,0.21,1.8,0.0,3.6,5.4,0.0,25.2,0.0,0.0,0.0,0.0,,statsbomb,event-level,2015/2016,Premier League
3058,Javier Hernández Balcázar,Manchester United,23,0,0,1,0.5094782,1,0,0,0,0,0,0,0,0,0,0,3.9130434782608696,0.0,0.0,3.91,1.99,3.91,0.0,0.0,0.0,0.0,0.0,0.0,0.0,0.0,0.0,,statsbomb,event-level,2015/2016,Premier League
3722,Steven Taylor,Newcastle United,815,0,0,1,0.063562,1,99,30,3,11,31,12,12,1,1,0,0.11042944785276074,0.0,0.0,0.11,0.01,0.11,10.93,3.31,0.33,1.21,3.42,1.33,0.11,0.11,0.0,100.0,statsbomb,event-level,2015/2016,Premier League
7010,Gastón Exequiel Ramírez Pereyra,Southampton,37,0,0,1,0.06234869,0,6,2,3,1,7,2,2,3,0,2,2.4324324324324325,0.0,0.0,2.43,0.15,0.0,14.59,4.86,7.3,2.43,17.03,4.86,7.3,0.0,4.86,100.0,statsbomb,event-level,2015/2016,Premier League
10770,Adam Matthews,Sunderland,38,0,0,0,0.0,0,9,2,2,0,5,0,0,0,1,1,2.3684210526315788,0.0,0.0,0.0,0.0,0.0,21.32,4.74,4.74,0.0,11.84,0.0,0.0,2.37,2.37,,statsbomb,event-level,2015/2016,Premier League
3308,Kieran Trippier,Tottenham Hotspur,466,1,1,2,0.6527253940000001,5,145,18,17,6,69,12,12,2,0,28,0.19313304721030042,0.19,0.19,0.39,0.13,0.97,28.0,3.48,3.28,1.16,13.33,2.32,0.39,0.0,5.41,100.0,statsbomb,event-level,2015/2016,Premier League
3725,José Holebas,Watford,963,0,0,13,0.5577538845,7,260,65,26,18,119,24,24,17,1,17,0.09345794392523364,0.0,0.0,1.21,0.05,0.65,24.3,6.07,2.43,1.68,11.12,2.24,1.59,0.09,1.59,100.0,statsbomb,event-level,2015/2016,Premier League
5556,Miguel Arturo Layún Prado,Watford,130,1,0,4,0.246095348,2,14,5,4,1,31,0,0,4,0,6,0.6923076923076923,0.69,0.0,2.77,0.17,1.38,9.69,3.46,2.77,0.69,21.46,0.0,2.77,0.0,4.15,,statsbomb,event-level,2015/2016,Premier League
3731,Adrian Mariappa,Crystal Palace,254,0,0,0,0.0,0,46,7,4,4,30,7,7,2,0,2,0.3543307086614173,0.0,0.0,0.0,0.0,0.0,16.3,2.48,1.42,1.42,10.63,2.48,0.71,0.0,0.71,100.0,statsbomb,event-level,2015/2016,Premier League
48634,"Charles N""Zogbia",Aston Villa,41,0,0,0,0.0,0,2,1,0,0,6,0,0,0,0,1,2.1951219512195124,0.0,0.0,0.0,0.0,0.0,4.39,2.2,0.0,0.0,13.17,0.0,0.0,0.0,2.2,,statsbomb,event-level,2015/2016,Premier League
9519,Kyle Lafferty,Norwich City,17,0,0,0,0.0,0,1,0,0,1,0,2,2,0,0,0,5.294117647058823,0.0,0.0,0.0,0.0,0.0,5.29,0.0,0.0,5.29,0.0,10.59,0.0,0.0,0.0,100.0,statsbomb,event-level,2015/2016,Premier League
18404,José Ángel Crespo Rincón,Aston Villa,91,0,0,0,0.0,0,13,1,0,0,9,1,1,0,0,0,0.989010989010989,0.0,0.0,0.0,0.0,0.0,12.86,0.99,0.0,0.0,8.9,0.99,0.0,0.0,0.0,100.0,statsbomb,event-level,2015/2016,Premier League
24743,Gary Hooper,Norwich City,15,0,0,1,0.13312706,0,0,0,0,0,1,0,0,0,0,0,6.0,0.0,0.0,6.0,0.8,0.0,0.0,0.0,0.0,0.0,6.0,0.0,0.0,0.0,0.0,,statsbomb,event-level,2015/2016,Premier League
20302,Gaël Clichy,Manchester City,1106,0,1,2,0.049342582999999995,10,369,61,30,42,158,11,11,12,1,26,0.081374321880651,0.0,0.08,0.16,0.0,0.81,30.03,4.96,2.44,3.42,12.86,0.9,0.98,0.08,2.12,100.0,statsbomb,event-level,2015/2016,Premier League
43121,Kelvin Davis,Southampton,93,0,0,0,0.0,0,26,0,0,0,0,0,0,0,0,0,0.967741935483871,0.0,0.0,0.0,0.0,0.0,25.16,0.0,0.0,0.0,0.0,0.0,0.0,0.0,0.0,,statsbomb,event-level,2015/2016,Premier League
3643,Phil Bardsley,Stoke City,817,0,1,7,0.0984618157,2,188,18,27,14,124,15,15,2,1,16,0.11015911872705018,0.0,0.11,0.77,0.01,0.22,20.71,1.98,2.97,1.54,13.66,1.65,0.22,0.11,1.76,100.0,statsbomb,event-level,2015/2016,Premier League
4428,Mathieu Debuchy,Arsenal,142,0,0,1,0.029352702,1,43,1,8,1,25,7,7,1,0,3,0.6338028169014085,0.0,0.0,0.63,0.02,0.63,27.25,0.63,5.07,0.63,15.85,4.44,0.63,0.0,1.9,100.0,statsbomb,event-level,2015/2016,Premier League
21540,Kevin Nolan,West Ham United,57,0,0,0,0.0,0,3,1,0,0,5,0,0,1,0,0,1.5789473684210527,0.0,0.0,0.0,0.0,0.0,4.74,1.58,0.0,0.0,7.89,0.0,1.58,0.0,0.0,,statsbomb,event-level,2015/2016,Premier League
42702,Modibo Maïga,West Ham United,39,1,0,2,0.448480331,0,2,2,0,0,4,3,3,4,0,2,2.3076923076923075,2.31,0.0,4.62,1.03,0.0,4.62,4.62,0.0,0.0,9.23,6.92,9.23,0.0,4.62,100.0,statsbomb,event-level,2015/2016,Premier League
5689,Juan Guillermo Cuadrado Bello,Chelsea,26,0,0,1,0.042315856,0,1,2,0,0,2,0,0,0,0,1,3.4615384615384617,0.0,0.0,3.46,0.15,0.0,3.46,6.92,0.0,0.0,6.92,0.0,0.0,0.0,3.46,,statsbomb,event-level,2015/2016,Premier League
41082,Steve Sidwell,Stoke City,13,0,0,0,0.0,0,2,0,3,0,3,0,0,0,0,0,6.923076923076923,0.0,0.0,0.0,0.0,0.0,13.85,0.0,20.77,0.0,20.77,0.0,0.0,0.0,0.0,,statsbomb,event-level,2015/2016,Premier League
8400,Serge Gnabry,West Bromwich Albion,17,0,0,2,0.0579582006,1,1,1,0,0,13,0,0,2,0,0,5.294117647058823,0.0,0.0,10.59,0.31,5.29,5.29,5.29,0.0,0.0,68.82,0.0,10.59,0.0,0.0,,statsbomb,event-level,2015/2016,Premier League
3970,Fraser Forster,Southampton,1634,0,0,0,0.0,0,451,16,0,0,1,0,0,1,0,0,0.05507955936352509,0.0,0.0,0.0,0.0,0.0,24.84,0.88,0.0,0.0,0.06,0.0,0.06,0.0,0.0,,statsbomb,event-level,2015/2016,Premier League
7121,Sandro Ranieri Guimarães Cordeiro,West Bromwich Albion,386,0,0,3,0.056106919500000005,1,44,6,11,12,67,17,17,3,0,2,0.23316062176165803,0.0,0.0,0.7,0.01,0.23,10.26,1.4,2.56,2.8,15.62,3.96,0.7,0.0,0.47,100.0,statsbomb,event-level,2015/2016,Premier League
128704,Emmanuel Emenike,West Ham United,527,0,0,12,1.810002222,9,18,18,4,5,83,21,21,11,1,5,0.17077798861480076,0.0,0.0,2.05,0.31,1.54,3.07,3.07,0.68,0.85,14.17,3.59,1.88,0.17,0.85,100.0,statsbomb,event-level,2015/2016,Premier League
3569,Daniel Nii Tackie Mensah Welbeck,Arsenal,615,4,2,20,3.023731793,5,19,24,18,3,111,8,8,17,1,3,0.14634146341463414,0.59,0.29,2.93,0.44,0.73,2.78,3.51,2.63,0.44,16.24,1.17,2.49,0.15,0.44,100.0,statsbomb,event-level,2015/2016,Premier League
4045,Leroy Fer,Swansea City,769,0,2,5,0.26149118,6,100,36,25,19,165,25,25,12,1,0,0.11703511053315994,0.0,0.23,0.59,0.03,0.7,11.7,4.21,2.93,2.22,19.31,2.93,1.4,0.12,0.0,100.0,statsbomb,event-level,2015/2016,Premier League
4093,Jay Fulton,Swansea City,25,0,0,0,0.0,0,1,0,4,1,5,0,0,0,0,0,3.6,0.0,0.0,0.0,0.0,0.0,3.6,0.0,14.4,3.6,18.0,0.0,0.0,0.0,0.0,,statsbomb,event-level,2015/2016,Premier League
6652,Jordi Amat Maas,Swansea City,475,0,0,1,0.3147205,0,72,7,5,14,46,11,11,2,0,1,0.18947368421052632,0.0,0.0,0.19,0.06,0.0,13.64,1.33,0.95,2.65,8.72,2.08,0.38,0.0,0.19,100.0,statsbomb,event-level,2015/2016,Premier League
9629,Stephen Kingsley,Swansea City,360,0,1,1,0.015957909,1,71,11,6,2,44,7,7,5,0,13,0.25,0.0,0.25,0.25,0.0,0.25,17.75,2.75,1.5,0.5,11.0,1.75,1.25,0.0,3.25,100.0,statsbomb,event-level,2015/2016,Premier League
4346,Gilbert Gianelli Imbula Wanga,Stoke City,1287,2,0,21,0.7735615092,11,163,117,15,12,242,14,14,40,8,4,0.06993006993006994,0.14,0.0,1.47,0.05,0.77,11.4,8.18,1.05,0.84,16.92,0.98,2.8,0.56,0.28,100.0,statsbomb,event-level,2015/2016,Premier League
4276,David Ospina Ramírez,Arsenal,365,0,0,0,0.0,0,112,5,0,0,0,0,0,0,0,0,0.2465753424657534,0.0,0.0,0.0,0.0,0.0,27.62,1.23,0.0,0.0,0.0,0.0,0.0,0.0,0.0,,statsbomb,event-level,2015/2016,Premier League
28247,Libor Kozák,Aston Villa,262,0,0,6,0.674867537,3,15,6,3,1,36,21,21,1,0,1,0.3435114503816794,0.0,0.0,2.06,0.23,1.03,5.15,2.06,1.03,0.34,12.37,7.21,0.34,0.0,0.34,100.0,statsbomb,event-level,2015/2016,Premier League
3312,Demarai Gray,Leicester City,196,0,1,5,0.1598515,5,26,14,4,6,53,4,4,7,0,6,0.45918367346938777,0.0,0.46,2.3,0.07,2.3,11.94,6.43,1.84,2.76,24.34,1.84,3.21,0.0,2.76,100.0,statsbomb,event-level,2015/2016,Premier League
3966,Charlie Austin,Southampton,223,1,0,8,0.59781394,1,20,1,4,2,40,12,12,2,0,2,0.40358744394618834,0.4,0.0,3.23,0.24,0.4,8.07,0.4,1.61,0.81,16.14,4.84,0.81,0.0,0.81,100.0,statsbomb,event-level,2015/2016,Premier League
41185,Jakob Haugaard,Stoke City,404,0,0,0,0.0,0,136,10,0,0,0,0,0,0,0,0,0.22277227722772278,0.0,0.0,0.0,0.0,0.0,30.3,2.23,0.0,0.0,0.0,0.0,0.0,0.0,0.0,,statsbomb,event-level,2015/2016,Premier League
6950,Alberto Paloschi,Swansea City,672,2,0,15,2.8431500239999994,5,35,5,6,4,124,10,10,1,1,5,0.13392857142857142,0.27,0.0,2.01,0.38,0.67,4.69,0.67,0.8,0.54,16.61,1.34,0.13,0.13,0.67,100.0,statsbomb,event-level,2015/2016,Premier League
43591,Marvin Emnes,Swansea City,67,0,0,1,0.014250298,0,4,1,2,1,16,0,0,2,0,1,1.3432835820895523,0.0,0.0,1.34,0.02,0.0,5.37,1.34,2.69,1.34,21.49,0.0,2.69,0.0,1.34,,statsbomb,event-level,2015/2016,Premier League
3487,Julián Speroni,Crystal Palace,175,0,0,0,0.0,0,56,3,0,0,0,0,0,0,0,0,0.5142857142857142,0.0,0.0,0.0,0.0,0.0,28.8,1.54,0.0,0.0,0.0,0.0,0.0,0.0,0.0,,statsbomb,event-level,2015/2016,Premier League
4116,Sullay Kaikai,Crystal Palace,46,0,0,3,0.158311264,2,6,3,2,0,10,0,0,0,0,2,1.9565217391304348,0.0,0.0,5.87,0.31,3.91,11.74,5.87,3.91,0.0,19.57,0.0,0.0,0.0,3.91,,statsbomb,event-level,2015/2016,Premier League
17276,Seydou Doumbia,Newcastle United,30,0,0,1,0.14665069,0,0,2,0,1,7,0,0,0,0,1,3.0,0.0,0.0,3.0,0.44,0.0,0.0,6.0,0.0,3.0,21.0,0.0,0.0,0.0,3.0,,statsbomb,event-level,2015/2016,Premier League
3165,Emmanuel Rivière,Newcastle United,68,0,0,3,0.249199327,1,1,2,3,0,37,2,2,1,0,1,1.3235294117647058,0.0,0.0,3.97,0.33,1.32,1.32,2.65,3.97,0.0,48.97,2.65,1.32,0.0,1.32,100.0,statsbomb,event-level,2015/2016,Premier League
3649,Karl Darlow,Newcastle United,797,0,0,0,0.0,0,224,16,1,0,2,0,0,0,0,0,0.11292346298619825,0.0,0.0,0.0,0.0,0.0,25.29,1.81,0.11,0.0,0.23,0.0,0.0,0.0,0.0,,statsbomb,event-level,2015/2016,Premier League
8485,Pedro Chirivella Burgos,Liverpool,45,0,0,0,0.0,0,9,1,0,0,21,0,0,0,2,0,2.0,0.0,0.0,0.0,0.0,0.0,18.0,2.0,0.0,0.0,42.0,0.0,0.0,4.0,0.0,,statsbomb,event-level,2015/2016,Premier League
9914,Danny Ward,Liverpool,180,0,0,0,0.0,0,49,1,0,0,0,0,0,0,0,0,0.5,0.0,0.0,0.0,0.0,0.0,24.5,0.5,0.0,0.0,0.0,0.0,0.0,0.0,0.0,,statsbomb,event-level,2015/2016,Premier League
27949,Juan Manuel Iturbe Arévalo,AFC Bournemouth,64,0,0,1,0.035855655,1,7,6,0,4,15,1,1,3,0,0,1.40625,0.0,0.0,1.41,0.05,1.41,9.84,8.44,0.0,5.62,21.09,1.41,4.22,0.0,0.0,100.0,statsbomb,event-level,2015/2016,Premier League
3468,Jordan Pickford,Sunderland,182,0,0,0,0.0,0,75,3,0,0,0,0,0,0,0,0,0.4945054945054945,0.0,0.0,0.0,0.0,0.0,37.09,1.48,0.0,0.0,0.0,0.0,0.0,0.0,0.0,,statsbomb,event-level,2015/2016,Premier League
9635,Will Keane,Manchester United,9,0,0,0,0.0,0,0,0,0,0,6,0,0,0,0,0,10.0,0.0,0.0,0.0,0.0,0.0,0.0,0.0,0.0,0.0,60.0,0.0,0.0,0.0,0.0,,statsbomb,event-level,2015/2016,Premier League
10772,Donald Love,Manchester United,52,0,0,0,0.0,0,17,4,4,3,10,0,0,3,0,1,1.7307692307692308,0.0,0.0,0.0,0.0,0.0,29.42,6.92,6.92,5.19,17.31,0.0,5.19,0.0,1.73,,statsbomb,event-level,2015/2016,Premier League
9636,Rushian Hepburn-Murphy,Aston Villa,5,0,0,0,0.0,0,0,1,0,0,2,0,0,0,0,0,18.0,0.0,0.0,0.0,0.0,0.0,0.0,18.0,0.0,0.0,36.0,0.0,0.0,0.0,0.0,,statsbomb,event-level,2015/2016,Premier League
7848,Matt Miazga,Chelsea,138,0,0,0,0.0,0,46,1,2,3,13,4,4,0,0,0,0.6521739130434783,0.0,0.0,0.0,0.0,0.0,30.0,0.65,1.3,1.96,8.48,2.61,0.0,0.0,0.0,100.0,statsbomb,event-level,2015/2016,Premier League
15542,Jake-Liam Clarke-Salter,Chelsea,17,0,0,0,0.0,0,0,0,2,0,6,0,0,0,0,0,5.294117647058823,0.0,0.0,0.0,0.0,0.0,0.0,0.0,10.59,0.0,31.76,0.0,0.0,0.0,0.0,,statsbomb,event-level,2015/2016,Premier League
25351,Alexandre Rodrigues da Silva,Chelsea,127,1,0,4,1.9076370900000001,0,4,6,2,0,17,0,0,0,0,0,0.7086614173228346,0.71,0.0,2.83,1.35,0.0,2.83,4.25,1.42,0.0,12.05,0.0,0.0,0.0,0.0,,statsbomb,event-level,2015/2016,Premier League
3318,Marcus Rashford,Manchester United,857,5,3,16,1.8040133500000004,5,20,36,10,3,128,2,2,13,0,8,0.10501750291715285,0.53,0.32,1.68,0.19,0.53,2.1,3.78,1.05,0.32,13.44,0.21,1.37,0.0,0.84,100.0,statsbomb,event-level,2015/2016,Premier League
3465,Timothy Evans Fosu-Mensah,Manchester United,269,0,1,2,0.050805534,0,63,4,16,12,45,5,5,2,0,1,0.3345724907063197,0.0,0.33,0.67,0.02,0.0,21.08,1.34,5.35,4.01,15.06,1.67,0.67,0.0,0.33,100.0,statsbomb,event-level,2015/2016,Premier League
18947,Sébastien Pocognoli,West Bromwich Albion,38,0,1,0,0.0,1,13,1,0,0,2,4,4,0,0,3,2.3684210526315788,0.0,2.37,0.0,0.0,2.37,30.79,2.37,0.0,0.0,4.74,9.47,0.0,0.0,7.11,100.0,statsbomb,event-level,2015/2016,Premier League
11936,Harrison Reed,Southampton,13,0,0,0,0.0,0,3,0,1,0,6,0,0,0,0,0,6.923076923076923,0.0,0.0,0.0,0.0,0.0,20.77,0.0,6.92,0.0,41.54,0.0,0.0,0.0,0.0,,statsbomb,event-level,2015/2016,Premier League
3586,Samuel Mark Byram,West Ham United,283,0,0,0,0.0,2,69,8,5,12,38,8,8,0,0,9,0.31802120141342755,0.0,0.0,0.0,0.0,0.64,21.94,2.54,1.59,3.82,12.08,2.54,0.0,0.0,2.86,100.0,statsbomb,event-level,2015/2016,Premier League
10932,Jonathan Williams,Crystal Palace,12,0,0,0,0.0,0,0,1,0,0,0,0,0,0,0,0,7.5,0.0,0.0,0.0,0.0,0.0,0.0,7.5,0.0,0.0,0.0,0.0,0.0,0.0,0.0,,statsbomb,event-level,2015/2016,Premier League
3542,Jonjoe Kenny,Everton,61,0,0,1,0.063103065,0,16,2,1,2,8,1,1,0,0,1,1.4754098360655739,0.0,0.0,1.48,0.09,0.0,23.61,2.95,1.48,2.95,11.8,1.48,0.0,0.0,1.48,100.0,statsbomb,event-level,2015/2016,Premier League
3652,Tom Davies,Everton,99,0,0,1,0.042697757,0,7,3,1,3,25,1,1,2,0,1,0.9090909090909091,0.0,0.0,0.91,0.04,0.0,6.36,2.73,0.91,2.73,22.73,0.91,1.82,0.0,0.91,100.0,statsbomb,event-level,2015/2016,Premier League
40125,Steven Pienaar,Everton,164,0,0,2,0.051837135,1,13,10,1,4,24,1,1,4,0,2,0.5487804878048781,0.0,0.0,1.1,0.03,0.55,7.13,5.49,0.55,2.2,13.17,0.55,2.2,0.0,1.1,100.0,statsbomb,event-level,2015/2016,Premier League
10484,Callum Connolly,Everton,39,0,0,0,0.0,0,6,2,1,1,4,0,0,0,0,2,2.3076923076923075,0.0,0.0,0.0,0.0,0.0,13.85,4.62,2.31,2.31,9.23,0.0,0.0,0.0,4.62,,statsbomb,event-level,2015/2016,Premier League
9563,Kristoffer Nordfeldt,Swansea City,92,0,0,0,0.0,0,22,0,0,0,0,0,0,0,0,0,0.9782608695652174,0.0,0.0,0.0,0.0,0.0,21.52,0.0,0.0,0.0,0.0,0.0,0.0,0.0,0.0,,statsbomb,event-level,2015/2016,Premier League
22058,Connor Steven Randall,Liverpool,161,0,0,2,0.12659223,0,42,3,2,4,39,2,2,2,0,2,0.5590062111801242,0.0,0.0,1.12,0.07,0.0,23.48,1.68,1.12,2.24,21.8,1.12,1.12,0.0,1.12,100.0,statsbomb,event-level,2015/2016,Premier League
22237,Mamadou Obbi Oularé,Watford,4,0,0,0,0.0,0,1,0,0,0,0,2,2,0,0,0,22.5,0.0,0.0,0.0,0.0,0.0,22.5,0.0,0.0,0.0,0.0,45.0,0.0,0.0,0.0,100.0,statsbomb,event-level,2015/2016,Premier League
20446,Shay Given,Stoke City,232,0,0,0,0.0,0,64,1,0,0,0,0,0,0,0,0,0.3879310344827586,0.0,0.0,0.0,0.0,0.0,24.83,0.39,0.0,0.0,0.0,0.0,0.0,0.0,0.0,,statsbomb,event-level,2015/2016,Premier League
10458,Fikayo Tomori,Chelsea,28,0,0,0,0.0,0,5,0,1,1,4,0,0,0,0,0,3.2142857142857144,0.0,0.0,0.0,0.0,0.0,16.07,0.0,3.21,3.21,12.86,0.0,0.0,0.0,0.0,,statsbomb,event-level,2015/2016,Premier League
8344,Manuel García Alonso,Manchester City,13,0,0,0,0.0,0,1,0,0,1,3,0,0,0,0,0,6.923076923076923,0.0,0.0,0.0,0.0,0.0,6.92,0.0,0.0,6.92,20.77,0.0,0.0,0.0,0.0,,statsbomb,event-level,2015/2016,Premier League
5110,Henri Saivet,Newcastle United,153,0,0,0,0.0,1,30,6,16,8,59,3,3,0,0,0,0.5882352941176471,0.0,0.0,0.0,0.0,0.59,17.65,3.53,9.41,4.71,34.71,1.76,0.0,0.0,0.0,100.0,statsbomb,event-level,2015/2016,Premier League
128703,Dionatan do Nascimento Teixeira,Stoke City,39,0,0,0,0.0,0,5,0,1,1,3,1,1,0,0,0,2.3076923076923075,0.0,0.0,0.0,0.0,0.0,11.54,0.0,2.31,2.31,6.92,2.31,0.0,0.0,0.0,100.0,statsbomb,event-level,2015/2016,Premier League
10326,João Carlos Vilaça Teixeira,Liverpool,5,0,0,0,0.0,0,0,0,1,0,3,0,0,0,0,0,18.0,0.0,0.0,0.0,0.0,0.0,0.0,0.0,18.0,0.0,54.0,0.0,0.0,0.0,0.0,,statsbomb,event-level,2015/2016,Premier League
9566,Bersant Celina,Manchester City,17,0,1,0,0.0,1,5,1,1,0,7,0,0,0,0,1,5.294117647058823,0.0,5.29,0.0,0.0,5.29,26.47,5.29,5.29,0.0,37.06,0.0,0.0,0.0,5.29,,statsbomb,event-level,2015/2016,Premier League
9070,Hiram Boateng,Crystal Palace,19,0,0,1,0.03874645,0,0,1,1,0,9,1,1,0,0,0,4.7368421052631575,0.0,0.0,4.74,0.18,0.0,0.0,4.74,4.74,0.0,42.63,4.74,0.0,0.0,0.0,100.0,statsbomb,event-level,2015/2016,Premier League
10771,George Honeyman,Sunderland,32,0,0,0,0.0,1,1,0,0,0,13,0,0,0,0,0,2.8125,0.0,0.0,0.0,0.0,2.81,2.81,0.0,0.0,0.0,36.56,0.0,0.0,0.0,0.0,,statsbomb,event-level,2015/2016,Premier League
45389,Thomas Robson,Sunderland,90,0,0,0,0.0,0,18,3,3,3,10,3,3,1,0,1,1.0,0.0,0.0,0.0,0.0,0.0,18.0,3.0,3.0,3.0,10.0,3.0,1.0,0.0,1.0,100.0,statsbomb,event-level,2015/2016,Premier League
129559,Rees Greenwood,Sunderland,51,0,0,0,0.0,1,4,1,2,2,17,0,0,1,0,2,1.7647058823529411,0.0,0.0,0.0,0.0,1.76,7.06,1.76,3.53,3.53,30.0,0.0,1.76,0.0,3.53,,statsbomb,event-level,2015/2016,Premier League
4097,Matt Grimes,Swansea City,92,0,0,1,0.04053711,1,12,3,4,0,18,1,1,0,0,1,0.9782608695652174,0.0,0.0,0.98,0.04,0.98,11.74,2.93,3.91,0.0,17.61,0.98,0.0,0.0,0.98,100.0,statsbomb,event-level,2015/2016,Premier League
24120,Jamie Sterry,Newcastle United,3,0,0,0,0.0,0,0,0,0,0,3,0,0,0,0,0,30.0,0.0,0.0,0.0,0.0,0.0,0.0,0.0,0.0,0.0,90.0,0.0,0.0,0.0,0.0,,statsbomb,event-level,2015/2016,Premier League
